[
  {
    "uuid": "74c8150c-05f4-4094-b913-0bd157850472",
    "menu_url": "https://gabriels-gate.weeblyte.com/menu",
    "menu_format": "HTML",
    "inserted_at": "2025-12-01T17:27:01.953045Z",
    "scraped_at": "2025-12-02T18:33:49.831486+00:00",
    "restaurant_name": "Gabriel's Gate",
    "menu_file": "menus_html_files\\74c8150c-05f4-4094-b913-0bd157850472.html",
    "menu_file_url": "https://falconxoft.github.io/i.chef-files/menus_html_files/74c8150c-05f4-4094-b913-0bd157850472.html"
  },
  {
    "uuid": "db8bef31-a5fc-404c-9656-cd87fe0ccf2d",
    "menu_url": "https://www.pastabilities.com/menus1",
    "menu_format": "HTML",
    "inserted_at": "2025-12-02T14:30:07.693071Z",
    "scraped_at": "2025-12-02T18:33:49.831486+00:00",
    "restaurant_name": "Pastabilities",
    "menu_file": "menus_html_files\\db8bef31-a5fc-404c-9656-cd87fe0ccf2d.html",
    "menu_file_url": "https://falconxoft.github.io/i.chef-files/menus_html_files/db8bef31-a5fc-404c-9656-cd87fe0ccf2d.html"
  },
  {
    "uuid": "a4b78935-5071-4606-af5f-6ff5526cf0ba",
    "menu_url": "https://www.littlealley.nyc/menu",
    "menu_format": "HTML",
    "inserted_at": "2025-12-01T17:27:01.953045Z",
    "scraped_at": "2025-12-02T18:33:49.831486+00:00",
    "restaurant_name": "Little Alley",
    "menu_file": "menus_html_files\\a4b78935-5071-4606-af5f-6ff5526cf0ba.html",
    "menu_file_url": "https://falconxoft.github.io/i.chef-files/menus_html_files/a4b78935-5071-4606-af5f-6ff5526cf0ba.html"
  },
  {
    "uuid": "3a2e2980-19e9-4fa4-a4e3-5946c88a2de9",
    "menu_url": "http://www.newmikadonyc.com/menu",
    "menu_format": "HTML",
    "inserted_at": "2025-12-02T14:17:29.693040Z",
    "scraped_at": "2025-12-02T18:33:49.831486+00:00",
    "restaurant_name": "Mikado",
    "menu_file": "menus_html_files\\3a2e2980-19e9-4fa4-a4e3-5946c88a2de9.html",
    "menu_file_url": "https://falconxoft.github.io/i.chef-files/menus_html_files/3a2e2980-19e9-4fa4-a4e3-5946c88a2de9.html"
  },
  {
    "uuid": "90cd74c7-f468-4e27-8ec4-41f644f4cca3",
    "menu_url": "https://www.freemansrestaurant.com/#menu-section",
    "menu_format": "HTML",
    "inserted_at": "2025-12-02T14:27:35.407213Z",
    "scraped_at": "2025-12-02T18:33:49.831486+00:00",
    "restaurant_name": "Freemans",
    "menu_file": "menus_html_files\\90cd74c7-f468-4e27-8ec4-41f644f4cca3.html",
    "menu_file_url": "https://falconxoft.github.io/i.chef-files/menus_html_files/90cd74c7-f468-4e27-8ec4-41f644f4cca3.html"
  },
  {
    "uuid": "c80bf988-b140-4a85-ac96-a573a6b501d4",
    "menu_url": "https://lafiestabuffalo.com/buffalo-la-fiesta-cantina-food-menu",
    "menu_format": "HTML",
    "inserted_at": "2025-12-01T17:27:01.953045Z",
    "scraped_at": "2025-12-02T18:33:49.831486+00:00",
    "restaurant_name": "La Fiesta",
    "menu_file": "menus_html_files\\c80bf988-b140-4a85-ac96-a573a6b501d4.html",
    "menu_file_url": "https://falconxoft.github.io/i.chef-files/menus_html_files/c80bf988-b140-4a85-ac96-a573a6b501d4.html"
  },
  {
    "uuid": "da14a705-3284-4230-a03b-eb24edbf88f3",
    "menu_url": "https://sangamindianrestaurantithaca.com/food-menu.html",
    "menu_format": "HTML",
    "inserted_at": "2025-12-01T17:27:01.953045Z",
    "scraped_at": "2025-12-02T18:33:49.831486+00:00",
    "restaurant_name": "Sangam",
    "menu_file": "menus_html_files\\da14a705-3284-4230-a03b-eb24edbf88f3.html",
    "menu_file_url": "https://falconxoft.github.io/i.chef-files/menus_html_files/da14a705-3284-4230-a03b-eb24edbf88f3.html"
  },
  {
    "uuid": "693f8489-6f20-434d-b336-187fb8a9e826",
    "menu_url": "https://www.LegendsPizza.Plus",
    "menu_format": "HTML",
    "inserted_at": "2025-12-01T17:27:01.953045Z",
    "scraped_at": "2025-12-02T18:33:49.831486+00:00",
    "restaurant_name": "Legends Pizza",
    "menu_file": "menus_html_files\\693f8489-6f20-434d-b336-187fb8a9e826.html",
    "menu_file_url": "https://falconxoft.github.io/i.chef-files/menus_html_files/693f8489-6f20-434d-b336-187fb8a9e826.html"
  },
  {
    "uuid": "bac76db0-a3cb-426d-a443-51ccb5721a9c",
    "menu_url": "https://www.moosewoodrestaurant.com/menu",
    "menu_format": "HTML",
    "inserted_at": "2025-12-01T17:27:01.953045Z",
    "scraped_at": "2025-12-02T18:33:49.831486+00:00",
    "restaurant_name": "Moosewood Restaurant",
    "menu_file": "menus_html_files\\bac76db0-a3cb-426d-a443-51ccb5721a9c.html",
    "menu_file_url": "https://falconxoft.github.io/i.chef-files/menus_html_files/bac76db0-a3cb-426d-a443-51ccb5721a9c.html"
  },
  {
    "uuid": "f6800682-6ca9-4ea6-9f5b-375779786aa7",
    "menu_url": "https://www.carnegiediner.com/vienna-va-menu/",
    "menu_format": "HTML",
    "inserted_at": "2025-12-01T17:27:01.953045Z",
    "scraped_at": "2025-12-02T18:33:49.831486+00:00",
    "restaurant_name": "Carnegie Diner & Cafe",
    "menu_file": "menus_html_files\\f6800682-6ca9-4ea6-9f5b-375779786aa7.html",
    "menu_file_url": "https://falconxoft.github.io/i.chef-files/menus_html_files/f6800682-6ca9-4ea6-9f5b-375779786aa7.html"
  },
  {
    "uuid": "670f0f16-5471-43f3-a49f-9c8a27f25082",
    "menu_url": "https://www.themercsaratoga.com",
    "menu_format": "HTML",
    "inserted_at": "2025-12-01T17:27:01.953045Z",
    "scraped_at": "2025-12-02T18:33:49.831486+00:00",
    "restaurant_name": "The Merc",
    "menu_file": "menus_html_files\\670f0f16-5471-43f3-a49f-9c8a27f25082.html",
    "menu_file_url": "https://falconxoft.github.io/i.chef-files/menus_html_files/670f0f16-5471-43f3-a49f-9c8a27f25082.html"
  },
  {
    "uuid": "72b2eb89-23bd-4206-adb8-f0acf1f38a51",
    "menu_url": "http://www.saigonspring.com/",
    "menu_format": "HTML",
    "inserted_at": "2025-12-01T17:27:01.953045Z",
    "scraped_at": "2025-12-02T18:33:49.831486+00:00",
    "restaurant_name": "Saigon Spring",
    "menu_file": "menus_html_files\\72b2eb89-23bd-4206-adb8-f0acf1f38a51.html",
    "menu_file_url": "https://falconxoft.github.io/i.chef-files/menus_html_files/72b2eb89-23bd-4206-adb8-f0acf1f38a51.html"
  },
  {
    "uuid": "14a956e0-4d1a-4600-8e10-0548d5c5fca3",
    "menu_url": "https://www.ferrarisristorante.com/ilmenu",
    "menu_format": "HTML",
    "inserted_at": "2025-12-01T17:27:01.953045Z",
    "scraped_at": "2025-12-02T18:33:49.831486+00:00",
    "restaurant_name": "Ferrari's Ristorante",
    "menu_file": "menus_html_files\\14a956e0-4d1a-4600-8e10-0548d5c5fca3.html",
    "menu_file_url": "https://falconxoft.github.io/i.chef-files/menus_html_files/14a956e0-4d1a-4600-8e10-0548d5c5fca3.html"
  },
  {
    "uuid": "b80ffca5-fbb9-4d34-9605-ca0c0f5ca40a",
    "menu_url": "https://thefoxharlem.com/new-york-city-the-fox-food-menu",
    "menu_format": "HTML",
    "inserted_at": "2025-12-01T17:27:01.953045Z",
    "scraped_at": "2025-12-02T18:33:49.831486+00:00",
    "restaurant_name": "The Fox",
    "menu_file": "menus_html_files\\b80ffca5-fbb9-4d34-9605-ca0c0f5ca40a.html",
    "menu_file_url": "https://falconxoft.github.io/i.chef-files/menus_html_files/b80ffca5-fbb9-4d34-9605-ca0c0f5ca40a.html"
  },
  {
    "uuid": "3722b68f-a9c8-45a8-8be7-4fdae6aa0801",
    "menu_url": "https://www.woodrowdinersi.com/our-menu/",
    "menu_format": "HTML",
    "inserted_at": "2025-12-01T17:27:01.953045Z",
    "scraped_at": "2025-12-02T18:33:49.831486+00:00",
    "restaurant_name": "Woodrow Diner",
    "menu_file": "menus_html_files\\3722b68f-a9c8-45a8-8be7-4fdae6aa0801.html",
    "menu_file_url": "https://falconxoft.github.io/i.chef-files/menus_html_files/3722b68f-a9c8-45a8-8be7-4fdae6aa0801.html"
  },
  {
    "uuid": "c1207cce-608e-43b4-9bc7-bd784815b4c1",
    "menu_url": "https://www.shmonenyc.com/shmone-menu",
    "menu_format": "HTML",
    "inserted_at": "2025-12-01T17:27:01.953045Z",
    "scraped_at": "2025-12-02T18:33:49.831486+00:00",
    "restaurant_name": "Shmoné",
    "menu_file": "menus_html_files\\c1207cce-608e-43b4-9bc7-bd784815b4c1.html",
    "menu_file_url": "https://falconxoft.github.io/i.chef-files/menus_html_files/c1207cce-608e-43b4-9bc7-bd784815b4c1.html"
  },
  {
    "uuid": "5ca87789-e268-4b6b-9556-71356431981f",
    "menu_url": "https://churosthainyc.com/new-york-east-harlem-upper-east-side-chu-ros-thai-food-menu",
    "menu_format": "HTML",
    "inserted_at": "2025-12-01T17:27:01.953045Z",
    "scraped_at": "2025-12-02T18:33:49.831486+00:00",
    "restaurant_name": "Chu Ros Thai",
    "menu_file": "menus_html_files\\5ca87789-e268-4b6b-9556-71356431981f.html",
    "menu_file_url": "https://falconxoft.github.io/i.chef-files/menus_html_files/5ca87789-e268-4b6b-9556-71356431981f.html"
  },
  {
    "uuid": "117fbc54-dcaf-4f6b-8654-bc58074f113d",
    "menu_url": "http://tlstapasbar.com/assets/lunch.pdf",
    "menu_format": "PDF",
    "inserted_at": "2025-12-01T17:27:01.953045Z",
    "scraped_at": "2025-12-02T18:33:49.831486+00:00",
    "restaurant_name": "The Lexington Social",
    "menu_file": "menus_pdf_files\\117fbc54-dcaf-4f6b-8654-bc58074f113d.pdf",
    "menu_file_url": "https://falconxoft.github.io/i.chef-files/menus_pdf_files/117fbc54-dcaf-4f6b-8654-bc58074f113d.pdf"
  },
  {
    "uuid": "2f71fa9c-ab22-45bb-98d4-8c66fef19777",
    "menu_url": "https://www.sipsteria.com/menu",
    "menu_format": "HTML",
    "inserted_at": "2025-12-01T17:27:01.953045Z",
    "scraped_at": "2025-12-02T18:33:49.831486+00:00",
    "restaurant_name": "Sipsteria",
    "menu_file": "menus_html_files\\2f71fa9c-ab22-45bb-98d4-8c66fef19777.html",
    "menu_file_url": "https://falconxoft.github.io/i.chef-files/menus_html_files/2f71fa9c-ab22-45bb-98d4-8c66fef19777.html"
  },
  {
    "uuid": "8524e4af-9250-4e24-a7d0-685771b6da80",
    "menu_url": "https://www.lautnyc.com/",
    "menu_format": "HTML",
    "inserted_at": "2025-12-01T17:27:01.953045Z",
    "scraped_at": "2025-12-02T18:33:49.831486+00:00",
    "restaurant_name": "Laut",
    "menu_file": "menus_html_files\\8524e4af-9250-4e24-a7d0-685771b6da80.html",
    "menu_file_url": "https://falconxoft.github.io/i.chef-files/menus_html_files/8524e4af-9250-4e24-a7d0-685771b6da80.html"
  },
  {
    "uuid": "3bdb9ca0-8e50-43af-ac4d-38c514ebe567",
    "menu_url": "https://localmenu.katzsdelicatessen.com/",
    "menu_format": "HTML",
    "inserted_at": "2025-12-01T17:27:01.953045Z",
    "scraped_at": "2025-12-02T18:33:49.831486+00:00",
    "restaurant_name": "Katz's Delicatessen",
    "menu_file": "menus_html_files\\3bdb9ca0-8e50-43af-ac4d-38c514ebe567.html",
    "menu_file_url": "https://falconxoft.github.io/i.chef-files/menus_html_files/3bdb9ca0-8e50-43af-ac4d-38c514ebe567.html"
  },
  {
    "uuid": "7dd341d0-d64e-4357-98a3-e488ded7d58c",
    "menu_url": "https://rinconmelanianyc.com/long-island-city-rincon-melania-food-menu",
    "menu_format": "HTML",
    "inserted_at": "2025-12-01T17:27:01.953045Z",
    "scraped_at": "2025-12-02T18:33:49.831486+00:00",
    "restaurant_name": "Rincón Melania",
    "menu_file": "menus_html_files\\7dd341d0-d64e-4357-98a3-e488ded7d58c.html",
    "menu_file_url": "https://falconxoft.github.io/i.chef-files/menus_html_files/7dd341d0-d64e-4357-98a3-e488ded7d58c.html"
  },
  {
    "uuid": "2c03cbe9-63c8-41d0-a8e4-dd5711fc98b6",
    "menu_url": "https://www.westsidewok.com/new-york-upper-west-side-west-side-wok-and-konata-sushi-bar-food-menu",
    "menu_format": "HTML",
    "inserted_at": "2025-12-01T17:27:01.953045Z",
    "scraped_at": "2025-12-02T18:33:49.831486+00:00",
    "restaurant_name": "West Side Wok & Konata Sushi",
    "menu_file": "menus_html_files\\2c03cbe9-63c8-41d0-a8e4-dd5711fc98b6.html",
    "menu_file_url": "https://falconxoft.github.io/i.chef-files/menus_html_files/2c03cbe9-63c8-41d0-a8e4-dd5711fc98b6.html"
  },
  {
    "uuid": "380fe5aa-fa92-42da-99c1-4073dc60d48b",
    "menu_url": "https://bohemianspiritrestaurant.com/menu",
    "menu_format": "HTML",
    "inserted_at": "2025-12-01T17:27:01.953045Z",
    "scraped_at": "2025-12-02T18:33:49.831486+00:00",
    "restaurant_name": "Bohemian Spirit Restaurant",
    "menu_file": "menus_html_files\\380fe5aa-fa92-42da-99c1-4073dc60d48b.html",
    "menu_file_url": "https://falconxoft.github.io/i.chef-files/menus_html_files/380fe5aa-fa92-42da-99c1-4073dc60d48b.html"
  },
  {
    "uuid": "57b5043d-090e-4aae-8dcf-130db9645dae",
    "menu_url": "https://delfriscos.com/steakhouse/new-york/#bar-menu-dfny",
    "menu_format": "HTML",
    "inserted_at": "2025-12-01T17:27:01.953045Z",
    "scraped_at": "2025-12-02T18:33:49.831486+00:00",
    "restaurant_name": "Del Frisco's Double Eagle Steakhouse",
    "menu_file": "menus_html_files\\57b5043d-090e-4aae-8dcf-130db9645dae.html",
    "menu_file_url": "https://falconxoft.github.io/i.chef-files/menus_html_files/57b5043d-090e-4aae-8dcf-130db9645dae.html"
  },
  {
    "uuid": "5076f30c-afdb-4724-add0-a52241d6d4e3",
    "menu_url": "https://www.eatnamkeen.com/",
    "menu_format": "HTML",
    "inserted_at": "2025-12-01T17:27:01.953045Z",
    "scraped_at": "2025-12-02T18:33:49.831486+00:00",
    "restaurant_name": "Namkeen",
    "menu_file": "menus_html_files\\5076f30c-afdb-4724-add0-a52241d6d4e3.html",
    "menu_file_url": "https://falconxoft.github.io/i.chef-files/menus_html_files/5076f30c-afdb-4724-add0-a52241d6d4e3.html"
  },
  {
    "uuid": "8f60dfc8-38e2-4986-953b-12594491f5c5",
    "menu_url": "https://www.danishouseofpizza.com/menu",
    "menu_format": "HTML",
    "inserted_at": "2025-12-01T17:27:01.953045Z",
    "scraped_at": "2025-12-02T18:33:49.831486+00:00",
    "restaurant_name": "Dani's House of Pizza",
    "menu_file": "menus_html_files\\8f60dfc8-38e2-4986-953b-12594491f5c5.html",
    "menu_file_url": "https://falconxoft.github.io/i.chef-files/menus_html_files/8f60dfc8-38e2-4986-953b-12594491f5c5.html"
  },
  {
    "uuid": "44277b9d-32f1-4f45-8f90-c854a1fbce4b",
    "menu_url": "https://www.calexico.com/menus/",
    "menu_format": "HTML",
    "inserted_at": "2025-12-01T17:27:01.953045Z",
    "scraped_at": "2025-12-02T18:33:49.831486+00:00",
    "restaurant_name": "Calexico",
    "menu_file": "menus_html_files\\44277b9d-32f1-4f45-8f90-c854a1fbce4b.html",
    "menu_file_url": "https://falconxoft.github.io/i.chef-files/menus_html_files/44277b9d-32f1-4f45-8f90-c854a1fbce4b.html"
  },
  {
    "uuid": "e1354597-e2c7-4531-93ce-7094cc345dcf",
    "menu_url": "https://www.fumorestaurant.com/harlem-menu/",
    "menu_format": "HTML",
    "inserted_at": "2025-12-01T17:27:01.953045Z",
    "scraped_at": "2025-12-02T18:33:49.831486+00:00",
    "restaurant_name": "Fumo",
    "menu_file": "menus_html_files\\e1354597-e2c7-4531-93ce-7094cc345dcf.html",
    "menu_file_url": "https://falconxoft.github.io/i.chef-files/menus_html_files/e1354597-e2c7-4531-93ce-7094cc345dcf.html"
  },
  {
    "uuid": "32f46887-9f38-4a25-a2c8-e9c9ea274b3c",
    "menu_url": "https://thelaurelsnyc.com/new-york-city-east-village-the-laurels-food-menu",
    "menu_format": "HTML",
    "inserted_at": "2025-12-01T17:27:01.953045Z",
    "scraped_at": "2025-12-02T18:33:49.831486+00:00",
    "restaurant_name": "The Laurels",
    "menu_file": "menus_html_files\\32f46887-9f38-4a25-a2c8-e9c9ea274b3c.html",
    "menu_file_url": "https://falconxoft.github.io/i.chef-files/menus_html_files/32f46887-9f38-4a25-a2c8-e9c9ea274b3c.html"
  },
  {
    "uuid": "da304c4a-08af-44a0-a781-581805725fd6",
    "menu_url": "http://www.gennaronyc.com/menu.html",
    "menu_format": "HTML",
    "inserted_at": "2025-12-01T17:27:01.953045Z",
    "scraped_at": "2025-12-02T18:33:49.831486+00:00",
    "restaurant_name": "Gennaro",
    "menu_file": "menus_html_files\\da304c4a-08af-44a0-a781-581805725fd6.html",
    "menu_file_url": "https://falconxoft.github.io/i.chef-files/menus_html_files/da304c4a-08af-44a0-a781-581805725fd6.html"
  },
  {
    "uuid": "097cee68-2f45-4b16-b6a2-cde370f83ec8",
    "menu_url": "https://www.felicerestaurants.com/menus-locations/",
    "menu_format": "HTML",
    "inserted_at": "2025-12-01T17:27:01.953045Z",
    "scraped_at": "2025-12-02T18:33:49.831486+00:00",
    "restaurant_name": "Felice",
    "menu_file": "menus_html_files\\097cee68-2f45-4b16-b6a2-cde370f83ec8.html",
    "menu_file_url": "https://falconxoft.github.io/i.chef-files/menus_html_files/097cee68-2f45-4b16-b6a2-cde370f83ec8.html"
  },
  {
    "uuid": "2dce63d1-c6ca-4ee7-b533-b47c91850918",
    "menu_url": "https://www.joeyspizzaendicott.com/menu/",
    "menu_format": "HTML",
    "inserted_at": "2025-12-01T17:27:01.953045Z",
    "scraped_at": "2025-12-02T18:33:49.831486+00:00",
    "restaurant_name": "Joey's Pizzeria",
    "menu_file": "menus_html_files\\2dce63d1-c6ca-4ee7-b533-b47c91850918.html",
    "menu_file_url": "https://falconxoft.github.io/i.chef-files/menus_html_files/2dce63d1-c6ca-4ee7-b533-b47c91850918.html"
  },
  {
    "uuid": "29e06c16-b68d-4bd8-a0da-919be53dde6c",
    "menu_url": "http://mooburger.net/menu.html",
    "menu_format": "HTML",
    "inserted_at": "2025-12-01T17:27:01.953045Z",
    "scraped_at": "2025-12-02T18:33:49.831486+00:00",
    "restaurant_name": "Moo Burger",
    "menu_file": "menus_html_files\\29e06c16-b68d-4bd8-a0da-919be53dde6c.html",
    "menu_file_url": "https://falconxoft.github.io/i.chef-files/menus_html_files/29e06c16-b68d-4bd8-a0da-919be53dde6c.html"
  },
  {
    "uuid": "5e1ad2e2-1b66-432d-a9fd-4fd6e6209e2b",
    "menu_url": "https://theviand.com/new-york-city-upper-west-side-the-viand-columbus-food-menu",
    "menu_format": "HTML",
    "inserted_at": "2025-12-01T17:27:01.953045Z",
    "scraped_at": "2025-12-02T18:33:49.831486+00:00",
    "restaurant_name": "Viand",
    "menu_file": "menus_html_files\\5e1ad2e2-1b66-432d-a9fd-4fd6e6209e2b.html",
    "menu_file_url": "https://falconxoft.github.io/i.chef-files/menus_html_files/5e1ad2e2-1b66-432d-a9fd-4fd6e6209e2b.html"
  },
  {
    "uuid": "30752f3d-8eba-40d8-8efa-5826085c5ae6",
    "menu_url": "https://www.qanoonnyc.com/menu",
    "menu_format": "HTML",
    "inserted_at": "2025-12-01T17:27:01.953045Z",
    "scraped_at": "2025-12-02T18:33:49.831486+00:00",
    "restaurant_name": "Qanoon",
    "menu_file": "menus_html_files\\30752f3d-8eba-40d8-8efa-5826085c5ae6.html",
    "menu_file_url": "https://falconxoft.github.io/i.chef-files/menus_html_files/30752f3d-8eba-40d8-8efa-5826085c5ae6.html"
  },
  {
    "uuid": "c1661dd1-acd6-445c-ba50-a7a582f423d5",
    "menu_url": "https://www.taralluccievino.net/upper-west-side-location",
    "menu_format": "HTML",
    "inserted_at": "2025-12-01T17:27:01.953045Z",
    "scraped_at": "2025-12-02T18:33:49.831486+00:00",
    "restaurant_name": "Tarallucci e Vino",
    "menu_file": "menus_html_files\\c1661dd1-acd6-445c-ba50-a7a582f423d5.html",
    "menu_file_url": "https://falconxoft.github.io/i.chef-files/menus_html_files/c1661dd1-acd6-445c-ba50-a7a582f423d5.html"
  },
  {
    "uuid": "3bb6e6fd-33bc-4ba5-beea-a3b0ef60b7e3",
    "menu_url": "https://www.ithacamilkstand.com/menu",
    "menu_format": "HTML",
    "inserted_at": "2025-12-01T17:27:01.953045Z",
    "scraped_at": "2025-12-02T18:33:49.831486+00:00",
    "restaurant_name": "Milkstand Breakfast & Lunch",
    "menu_file": "menus_html_files\\3bb6e6fd-33bc-4ba5-beea-a3b0ef60b7e3.html",
    "menu_file_url": "https://falconxoft.github.io/i.chef-files/menus_html_files/3bb6e6fd-33bc-4ba5-beea-a3b0ef60b7e3.html"
  },
  {
    "uuid": "721686f9-8d95-466e-a0bd-13a4407c0350",
    "menu_url": "https://www.goldenunicornrestaurant.com/menu-1",
    "menu_format": "HTML",
    "inserted_at": "2025-12-01T17:27:01.953045Z",
    "scraped_at": "2025-12-02T18:33:49.831486+00:00",
    "restaurant_name": "Golden Unicorn",
    "menu_file": "menus_html_files\\721686f9-8d95-466e-a0bd-13a4407c0350.html",
    "menu_file_url": "https://falconxoft.github.io/i.chef-files/menus_html_files/721686f9-8d95-466e-a0bd-13a4407c0350.html"
  },
  {
    "uuid": "76817541-1ff1-45a6-baad-3b14789208bc",
    "menu_url": "https://www.myrtlethaibk.com/menus",
    "menu_format": "HTML",
    "inserted_at": "2025-12-01T17:27:01.953045Z",
    "scraped_at": "2025-12-02T18:33:49.831486+00:00",
    "restaurant_name": "Myrtle Thai",
    "menu_file": "menus_html_files\\76817541-1ff1-45a6-baad-3b14789208bc.html",
    "menu_file_url": "https://falconxoft.github.io/i.chef-files/menus_html_files/76817541-1ff1-45a6-baad-3b14789208bc.html"
  },
  {
    "uuid": "cb49a15f-0f26-42da-8473-fee1a215b2b7",
    "menu_url": "https://6restaurant.com/menu",
    "menu_format": "HTML",
    "inserted_at": "2025-12-01T17:27:01.953045Z",
    "scraped_at": "2025-12-02T18:33:49.831486+00:00",
    "restaurant_name": "6 Restaurant",
    "menu_file": "menus_html_files\\cb49a15f-0f26-42da-8473-fee1a215b2b7.html",
    "menu_file_url": "https://falconxoft.github.io/i.chef-files/menus_html_files/cb49a15f-0f26-42da-8473-fee1a215b2b7.html"
  },
  {
    "uuid": "fc3f8677-dd87-4520-a4a6-6e0b83ab292e",
    "menu_url": "https://www.henrysend.com/barmenu-1",
    "menu_format": "HTML",
    "inserted_at": "2025-12-01T17:27:01.953045Z",
    "scraped_at": "2025-12-02T18:33:49.831486+00:00",
    "restaurant_name": "Henry's End",
    "menu_file": "menus_html_files\\fc3f8677-dd87-4520-a4a6-6e0b83ab292e.html",
    "menu_file_url": "https://falconxoft.github.io/i.chef-files/menus_html_files/fc3f8677-dd87-4520-a4a6-6e0b83ab292e.html"
  },
  {
    "uuid": "f71f98ec-a285-4f66-9aaf-7d70daf0e591",
    "menu_url": "http://www.bistro197.com/menus",
    "menu_format": "HTML",
    "inserted_at": "2025-12-01T17:27:01.953045Z",
    "scraped_at": "2025-12-02T18:33:49.831486+00:00",
    "restaurant_name": "Bistro 197",
    "menu_file": "menus_html_files\\f71f98ec-a285-4f66-9aaf-7d70daf0e591.html",
    "menu_file_url": "https://falconxoft.github.io/i.chef-files/menus_html_files/f71f98ec-a285-4f66-9aaf-7d70daf0e591.html"
  },
  {
    "uuid": "788746c9-d4af-41ae-a49f-698432a768a3",
    "menu_url": "https://www.portsaidnyc.com/menu",
    "menu_format": "HTML",
    "inserted_at": "2025-12-01T17:27:01.953045Z",
    "scraped_at": "2025-12-02T18:33:49.831486+00:00",
    "restaurant_name": "Port Sa'id",
    "menu_file": "menus_html_files\\788746c9-d4af-41ae-a49f-698432a768a3.html",
    "menu_file_url": "https://falconxoft.github.io/i.chef-files/menus_html_files/788746c9-d4af-41ae-a49f-698432a768a3.html"
  },
  {
    "uuid": "bebd2198-4591-495f-8b49-ad64fd3dcc3c",
    "menu_url": "http://thelongislandbar.com/menus",
    "menu_format": "HTML",
    "inserted_at": "2025-12-01T17:27:01.953045Z",
    "scraped_at": "2025-12-02T18:33:49.831486+00:00",
    "restaurant_name": "The Long Island Bar",
    "menu_file": "menus_html_files\\bebd2198-4591-495f-8b49-ad64fd3dcc3c.html",
    "menu_file_url": "https://falconxoft.github.io/i.chef-files/menus_html_files/bebd2198-4591-495f-8b49-ad64fd3dcc3c.html"
  },
  {
    "uuid": "1c2a43ee-b381-47d5-9eda-9f09784711ca",
    "menu_url": "https://www.sushiofgari.com/menu-gari-46",
    "menu_format": "HTML",
    "inserted_at": "2025-12-01T17:27:01.953045Z",
    "scraped_at": "2025-12-02T18:33:49.831486+00:00",
    "restaurant_name": "Gari Columbus",
    "menu_file": "menus_html_files\\1c2a43ee-b381-47d5-9eda-9f09784711ca.html",
    "menu_file_url": "https://falconxoft.github.io/i.chef-files/menus_html_files/1c2a43ee-b381-47d5-9eda-9f09784711ca.html"
  },
  {
    "uuid": "808c5ea9-2413-4de2-aa45-acfdb4d9336a",
    "menu_url": "https://www.taqueria86.com/menu",
    "menu_format": "HTML",
    "inserted_at": "2025-12-01T17:27:01.953045Z",
    "scraped_at": "2025-12-02T18:33:49.831486+00:00",
    "restaurant_name": "Tacqueria 86",
    "menu_file": "menus_html_files\\808c5ea9-2413-4de2-aa45-acfdb4d9336a.html",
    "menu_file_url": "https://falconxoft.github.io/i.chef-files/menus_html_files/808c5ea9-2413-4de2-aa45-acfdb4d9336a.html"
  },
  {
    "uuid": "8239e450-5a3b-4595-8f27-558106c4b2be",
    "menu_url": "https://calaverascorner.com/food-menus",
    "menu_format": "HTML",
    "inserted_at": "2025-12-01T17:27:01.953045Z",
    "scraped_at": "2025-12-02T18:33:49.831486+00:00",
    "restaurant_name": "Calaveras Corner",
    "menu_file": "menus_html_files\\8239e450-5a3b-4595-8f27-558106c4b2be.html",
    "menu_file_url": "https://falconxoft.github.io/i.chef-files/menus_html_files/8239e450-5a3b-4595-8f27-558106c4b2be.html"
  },
  {
    "uuid": "ab347cd8-92af-4eca-a736-9be6f981d42b",
    "menu_url": "http://www.cozysoupandburger.com",
    "menu_format": "HTML",
    "inserted_at": "2025-12-02T18:11:15.140004+00:00",
    "scraped_at": "2025-12-02T18:33:49.831486+00:00",
    "restaurant_name": "Cozy Soup 'n' Burger",
    "menu_file": "menus_html_files\\ab347cd8-92af-4eca-a736-9be6f981d42b.html",
    "menu_file_url": "https://falconxoft.github.io/i.chef-files/menus_html_files/ab347cd8-92af-4eca-a736-9be6f981d42b.html"
  },
  {
    "uuid": "3756c32e-a67f-44aa-a01d-15a9e31f066a",
    "menu_url": "https://timhowanusa.com/menu/",
    "menu_format": "HTML",
    "inserted_at": "2025-12-01T17:27:01.953045Z",
    "scraped_at": "2025-12-02T18:33:49.831486+00:00",
    "restaurant_name": "Tim Ho Wan",
    "menu_file": "menus_html_files\\3756c32e-a67f-44aa-a01d-15a9e31f066a.html",
    "menu_file_url": "https://falconxoft.github.io/i.chef-files/menus_html_files/3756c32e-a67f-44aa-a01d-15a9e31f066a.html"
  },
  {
    "uuid": "4d990a66-82ac-4a01-b1b8-5acf57b28d66",
    "menu_url": "https://www.thaidiner.com/menu",
    "menu_format": "HTML",
    "inserted_at": "2025-12-01T17:27:01.953045Z",
    "scraped_at": "2025-12-02T18:33:49.831486+00:00",
    "restaurant_name": "Thai Diner",
    "menu_file": "menus_html_files\\4d990a66-82ac-4a01-b1b8-5acf57b28d66.html",
    "menu_file_url": "https://falconxoft.github.io/i.chef-files/menus_html_files/4d990a66-82ac-4a01-b1b8-5acf57b28d66.html"
  },
  {
    "uuid": "cf4574e8-885f-47c2-93c7-6f5ffd013abf",
    "menu_url": "https://www.mamazulnyc.com/menu",
    "menu_format": "HTML",
    "inserted_at": "2025-12-01T17:27:01.953045Z",
    "scraped_at": "2025-12-02T18:33:49.831486+00:00",
    "restaurant_name": "Mamazul Mexican Grill",
    "menu_file": "menus_html_files\\cf4574e8-885f-47c2-93c7-6f5ffd013abf.html",
    "menu_file_url": "https://falconxoft.github.io/i.chef-files/menus_html_files/cf4574e8-885f-47c2-93c7-6f5ffd013abf.html"
  },
  {
    "uuid": "6a6d4e3a-4b26-4085-bdd7-d75da1e22c9a",
    "menu_url": "https://senzaglutennyc.com/menu/",
    "menu_format": "HTML",
    "inserted_at": "2025-12-01T17:27:01.953045Z",
    "scraped_at": "2025-12-02T18:33:49.831486+00:00",
    "restaurant_name": "Senza Gluten",
    "menu_file": "menus_html_files\\6a6d4e3a-4b26-4085-bdd7-d75da1e22c9a.html",
    "menu_file_url": "https://falconxoft.github.io/i.chef-files/menus_html_files/6a6d4e3a-4b26-4085-bdd7-d75da1e22c9a.html"
  },
  {
    "uuid": "69c7be34-1021-4a5a-b6cf-ec84d31faf89",
    "menu_url": "https://www.redbamboo-nyc.com/menus",
    "menu_format": "HTML",
    "inserted_at": "2025-12-01T17:27:01.953045Z",
    "scraped_at": "2025-12-02T18:33:49.831486+00:00",
    "restaurant_name": "Red Bamboo",
    "menu_file": "menus_html_files\\69c7be34-1021-4a5a-b6cf-ec84d31faf89.html",
    "menu_file_url": "https://falconxoft.github.io/i.chef-files/menus_html_files/69c7be34-1021-4a5a-b6cf-ec84d31faf89.html"
  },
  {
    "uuid": "f39ed39d-2bc2-433a-9808-307ef4d32586",
    "menu_url": "https://bandidobk.com/lunch-menu",
    "menu_format": "HTML",
    "inserted_at": "2025-12-01T17:27:01.953045Z",
    "scraped_at": "2025-12-02T18:33:49.831486+00:00",
    "restaurant_name": "Bandito",
    "menu_file": "menus_html_files\\f39ed39d-2bc2-433a-9808-307ef4d32586.html",
    "menu_file_url": "https://falconxoft.github.io/i.chef-files/menus_html_files/f39ed39d-2bc2-433a-9808-307ef4d32586.html"
  },
  {
    "uuid": "69fe1757-4fcc-4ace-a385-b6072a57a840",
    "menu_url": "https://www.marumi.nyc/menu",
    "menu_format": "HTML",
    "inserted_at": "2025-12-01T17:27:01.953045Z",
    "scraped_at": "2025-12-02T18:33:49.831486+00:00",
    "restaurant_name": "Marumi",
    "menu_file": "menus_html_files\\69fe1757-4fcc-4ace-a385-b6072a57a840.html",
    "menu_file_url": "https://falconxoft.github.io/i.chef-files/menus_html_files/69fe1757-4fcc-4ace-a385-b6072a57a840.html"
  },
  {
    "uuid": "da44fc00-24d6-4eac-9f4b-89789cb844ec",
    "menu_url": "https://www.cebubrooklyn.com/menu",
    "menu_format": "HTML",
    "inserted_at": "2025-12-01T17:27:01.953045Z",
    "scraped_at": "2025-12-02T18:33:49.831486+00:00",
    "restaurant_name": "Cebu",
    "menu_file": "menus_html_files\\da44fc00-24d6-4eac-9f4b-89789cb844ec.html",
    "menu_file_url": "https://falconxoft.github.io/i.chef-files/menus_html_files/da44fc00-24d6-4eac-9f4b-89789cb844ec.html"
  },
  {
    "uuid": "f08d2b45-c21e-4473-a790-a2d2b879af4c",
    "menu_url": "https://www.puertasrestaurant.com/menu",
    "menu_format": "HTML",
    "inserted_at": "2025-12-01T17:27:01.953045Z",
    "scraped_at": "2025-12-02T18:33:49.831486+00:00",
    "restaurant_name": "Puertas",
    "menu_file": "menus_html_files\\f08d2b45-c21e-4473-a790-a2d2b879af4c.html",
    "menu_file_url": "https://falconxoft.github.io/i.chef-files/menus_html_files/f08d2b45-c21e-4473-a790-a2d2b879af4c.html"
  },
  {
    "uuid": "d74dec68-c9aa-41c9-bad9-3742e9466c33",
    "menu_url": "https://meetwisemeat.com/menu/",
    "menu_format": "HTML",
    "inserted_at": "2025-12-01T17:27:01.953045Z",
    "scraped_at": "2025-12-02T18:33:49.831486+00:00",
    "restaurant_name": "Meet Wise Meat",
    "menu_file": "menus_html_files\\d74dec68-c9aa-41c9-bad9-3742e9466c33.html",
    "menu_file_url": "https://falconxoft.github.io/i.chef-files/menus_html_files/d74dec68-c9aa-41c9-bad9-3742e9466c33.html"
  },
  {
    "uuid": "eb0f8867-6f4f-4630-bd70-efa3cb8946f6",
    "menu_url": "https://shooshoonolita.com/#menu-section",
    "menu_format": "HTML",
    "inserted_at": "2025-12-01T17:27:01.953045Z",
    "scraped_at": "2025-12-02T18:33:49.831486+00:00",
    "restaurant_name": "Shoo Shoo Nolita",
    "menu_file": "menus_html_files\\eb0f8867-6f4f-4630-bd70-efa3cb8946f6.html",
    "menu_file_url": "https://falconxoft.github.io/i.chef-files/menus_html_files/eb0f8867-6f4f-4630-bd70-efa3cb8946f6.html"
  },
  {
    "uuid": "0e26d66f-2e47-4ce5-99bc-451c6db866f9",
    "menu_url": "https://laghmanexpress.com/menu",
    "menu_format": "HTML",
    "inserted_at": "2025-12-01T17:27:01.953045Z",
    "scraped_at": "2025-12-02T18:33:49.831486+00:00",
    "restaurant_name": "Laghman Express",
    "menu_file": "menus_html_files\\0e26d66f-2e47-4ce5-99bc-451c6db866f9.html",
    "menu_file_url": "https://falconxoft.github.io/i.chef-files/menus_html_files/0e26d66f-2e47-4ce5-99bc-451c6db866f9.html"
  },
  {
    "uuid": "adcf0e49-de5c-41b5-88d7-7eafd2882b35",
    "menu_url": "https://cenabrooklyn.com/food-menu",
    "menu_format": "HTML",
    "inserted_at": "2025-12-01T17:27:01.953045Z",
    "scraped_at": "2025-12-02T18:33:49.831486+00:00",
    "restaurant_name": "Cena",
    "menu_file": "menus_html_files\\adcf0e49-de5c-41b5-88d7-7eafd2882b35.html",
    "menu_file_url": "https://falconxoft.github.io/i.chef-files/menus_html_files/adcf0e49-de5c-41b5-88d7-7eafd2882b35.html"
  },
  {
    "uuid": "1e8736fe-744c-4381-b67d-7bebc813167e",
    "menu_url": "https://www.giovannisbrooklyneats.com/menu",
    "menu_format": "HTML",
    "inserted_at": "2025-12-01T17:27:01.953045Z",
    "scraped_at": "2025-12-02T18:33:49.831486+00:00",
    "restaurant_name": "Giovanni’s Brooklyn Eats",
    "menu_file": "menus_html_files\\1e8736fe-744c-4381-b67d-7bebc813167e.html",
    "menu_file_url": "https://falconxoft.github.io/i.chef-files/menus_html_files/1e8736fe-744c-4381-b67d-7bebc813167e.html"
  },
  {
    "uuid": "258fd404-18ba-40b8-b393-b74c65aebdc4",
    "menu_url": "https://www.djondjonbk.com/menu",
    "menu_format": "HTML",
    "inserted_at": "2025-12-01T17:27:01.953045Z",
    "scraped_at": "2025-12-02T18:33:49.831486+00:00",
    "restaurant_name": "Djon Djon",
    "menu_file": "menus_html_files\\258fd404-18ba-40b8-b393-b74c65aebdc4.html",
    "menu_file_url": "https://falconxoft.github.io/i.chef-files/menus_html_files/258fd404-18ba-40b8-b393-b74c65aebdc4.html"
  },
  {
    "uuid": "a26c46df-6d91-4303-b658-1615012c6019",
    "menu_url": "https://www.kulushkat.com",
    "menu_format": "HTML",
    "inserted_at": "2025-12-01T17:27:01.953045Z",
    "scraped_at": "2025-12-02T18:33:49.831486+00:00",
    "restaurant_name": "Kulushkät",
    "menu_file": "menus_html_files\\a26c46df-6d91-4303-b658-1615012c6019.html",
    "menu_file_url": "https://falconxoft.github.io/i.chef-files/menus_html_files/a26c46df-6d91-4303-b658-1615012c6019.html"
  },
  {
    "uuid": "224fe859-7686-4fa8-a242-40f34bbb2790",
    "menu_url": "https://www.locandany.com/xmas-eve-menu",
    "menu_format": "HTML",
    "inserted_at": "2025-12-01T17:27:01.953045Z",
    "scraped_at": "2025-12-02T18:33:49.831486+00:00",
    "restaurant_name": "Vini e Olii",
    "menu_file": "menus_html_files\\224fe859-7686-4fa8-a242-40f34bbb2790.html",
    "menu_file_url": "https://falconxoft.github.io/i.chef-files/menus_html_files/224fe859-7686-4fa8-a242-40f34bbb2790.html"
  },
  {
    "uuid": "2d2572ca-a2d6-4363-ba97-706ec64fee0f",
    "menu_url": "https://cowgirlnyc.com/menus",
    "menu_format": "HTML",
    "inserted_at": "2025-12-01T17:27:01.953045Z",
    "scraped_at": "2025-12-02T18:33:49.831486+00:00",
    "restaurant_name": "Cowgirl",
    "menu_file": "menus_html_files\\2d2572ca-a2d6-4363-ba97-706ec64fee0f.html",
    "menu_file_url": "https://falconxoft.github.io/i.chef-files/menus_html_files/2d2572ca-a2d6-4363-ba97-706ec64fee0f.html"
  },
  {
    "uuid": "ef43324d-da51-4dec-8881-0d9773d5028e",
    "menu_url": "https://www.agednyc.com/menu",
    "menu_format": "HTML",
    "inserted_at": "2025-12-01T17:27:01.953045Z",
    "scraped_at": "2025-12-02T18:33:49.831486+00:00",
    "restaurant_name": "(aged.)",
    "menu_file": "menus_html_files\\ef43324d-da51-4dec-8881-0d9773d5028e.html",
    "menu_file_url": "https://falconxoft.github.io/i.chef-files/menus_html_files/ef43324d-da51-4dec-8881-0d9773d5028e.html"
  },
  {
    "uuid": "567152ba-071f-4df5-936a-a73433521cc0",
    "menu_url": "https://www.gertrudes.nyc",
    "menu_format": "HTML",
    "inserted_at": "2025-12-01T17:27:01.953045Z",
    "scraped_at": "2025-12-02T18:33:49.831486+00:00",
    "restaurant_name": "Gertrude's",
    "menu_file": "menus_html_files\\567152ba-071f-4df5-936a-a73433521cc0.html",
    "menu_file_url": "https://falconxoft.github.io/i.chef-files/menus_html_files/567152ba-071f-4df5-936a-a73433521cc0.html"
  },
  {
    "uuid": "f08098b5-f127-4347-88de-429035937673",
    "menu_url": "https://ortomare.com/DinnerMenu.aspx",
    "menu_format": "HTML",
    "inserted_at": "2025-12-01T17:27:01.953045Z",
    "scraped_at": "2025-12-02T18:33:49.831486+00:00",
    "restaurant_name": "Ortomare Ristorante Pizzeria",
    "menu_file": "menus_html_files\\f08098b5-f127-4347-88de-429035937673.html",
    "menu_file_url": "https://falconxoft.github.io/i.chef-files/menus_html_files/f08098b5-f127-4347-88de-429035937673.html"
  },
  {
    "uuid": "6e0788ce-4a0b-4694-a79a-bf96446e9b83",
    "menu_url": "https://spoonbreadinc.com/new-york-morningside-heights-miss-mamies-spoonbread-too-food-menu",
    "menu_format": "HTML",
    "inserted_at": "2025-12-01T17:27:01.953045Z",
    "scraped_at": "2025-12-02T18:33:49.831486+00:00",
    "restaurant_name": "Miss Mamie's Spoonbread Too",
    "menu_file": "menus_html_files\\6e0788ce-4a0b-4694-a79a-bf96446e9b83.html",
    "menu_file_url": "https://falconxoft.github.io/i.chef-files/menus_html_files/6e0788ce-4a0b-4694-a79a-bf96446e9b83.html"
  },
  {
    "uuid": "1d040bed-09cf-4df3-ad3e-9e441b75ed00",
    "menu_url": "https://www.handynasty.net/menu-philly/",
    "menu_format": "HTML",
    "inserted_at": "2025-12-01T17:27:01.953045Z",
    "scraped_at": "2025-12-02T18:33:49.831486+00:00",
    "restaurant_name": "Han Dynasty",
    "menu_file": "menus_html_files\\1d040bed-09cf-4df3-ad3e-9e441b75ed00.html",
    "menu_file_url": "https://falconxoft.github.io/i.chef-files/menus_html_files/1d040bed-09cf-4df3-ad3e-9e441b75ed00.html"
  },
  {
    "uuid": "c55e8ade-a93f-4e73-998b-cbf63a3aadaf",
    "menu_url": "https://uws.miriamrestaurant.com/new-york-upper-west-side-miriam-upper-west-side-food-menu",
    "menu_format": "HTML",
    "inserted_at": "2025-12-01T17:27:01.953045Z",
    "scraped_at": "2025-12-02T18:33:49.831486+00:00",
    "restaurant_name": "Miriam",
    "menu_file": "menus_html_files\\c55e8ade-a93f-4e73-998b-cbf63a3aadaf.html",
    "menu_file_url": "https://falconxoft.github.io/i.chef-files/menus_html_files/c55e8ade-a93f-4e73-998b-cbf63a3aadaf.html"
  },
  {
    "uuid": "2b89983d-18d6-4b2d-aab3-2637296a0bee",
    "menu_url": "https://eleanyc.com/#",
    "menu_format": "HTML",
    "inserted_at": "2025-12-01T17:27:01.953045Z",
    "scraped_at": "2025-12-02T18:33:49.831486+00:00",
    "restaurant_name": "Eléa",
    "menu_file": "menus_html_files\\2b89983d-18d6-4b2d-aab3-2637296a0bee.html",
    "menu_file_url": "https://falconxoft.github.io/i.chef-files/menus_html_files/2b89983d-18d6-4b2d-aab3-2637296a0bee.html"
  },
  {
    "uuid": "db35d763-b004-424e-99d0-3b129f02f24f",
    "menu_url": "https://www.motorinony.com/location/williamsburg/#menus/",
    "menu_format": "HTML",
    "inserted_at": "2025-12-01T17:27:01.953045Z",
    "scraped_at": "2025-12-02T18:33:49.831486+00:00",
    "restaurant_name": "Motorino",
    "menu_file": "menus_html_files\\db35d763-b004-424e-99d0-3b129f02f24f.html",
    "menu_file_url": "https://falconxoft.github.io/i.chef-files/menus_html_files/db35d763-b004-424e-99d0-3b129f02f24f.html"
  },
  {
    "uuid": "2a3118d6-e6b2-4202-a5a8-65f1aaa04ad3",
    "menu_url": "https://kingdavids.com/menu",
    "menu_format": "HTML",
    "inserted_at": "2025-12-01T17:27:01.953045Z",
    "scraped_at": "2025-12-02T18:33:49.831486+00:00",
    "restaurant_name": "King David's",
    "menu_file": "menus_html_files\\2a3118d6-e6b2-4202-a5a8-65f1aaa04ad3.html",
    "menu_file_url": "https://falconxoft.github.io/i.chef-files/menus_html_files/2a3118d6-e6b2-4202-a5a8-65f1aaa04ad3.html"
  },
  {
    "uuid": "8f637edf-6938-4cc3-8894-897075fd81c7",
    "menu_url": "https://ciaoithaca.com/#",
    "menu_format": "HTML",
    "inserted_at": "2025-12-01T17:27:01.953045Z",
    "scraped_at": "2025-12-02T18:33:49.831486+00:00",
    "restaurant_name": "Ciao!",
    "menu_file": "menus_html_files\\8f637edf-6938-4cc3-8894-897075fd81c7.html",
    "menu_file_url": "https://falconxoft.github.io/i.chef-files/menus_html_files/8f637edf-6938-4cc3-8894-897075fd81c7.html"
  },
  {
    "uuid": "dfd0ed8a-21a6-4346-968f-1bb91a1bcd95",
    "menu_url": "https://mexicoautenticonyc.com",
    "menu_format": "HTML",
    "inserted_at": "2025-12-02T18:11:15.140004+00:00",
    "scraped_at": "2025-12-02T18:33:49.831486+00:00",
    "restaurant_name": "Mexico Authentico",
    "menu_file": "menus_html_files\\dfd0ed8a-21a6-4346-968f-1bb91a1bcd95.html",
    "menu_file_url": "https://falconxoft.github.io/i.chef-files/menus_html_files/dfd0ed8a-21a6-4346-968f-1bb91a1bcd95.html"
  },
  {
    "uuid": "e229d96b-4ebf-491c-a4cd-f7a35a1a7f88",
    "menu_url": "https://manhattanindianflavor.com/menu",
    "menu_format": "HTML",
    "inserted_at": "2025-12-01T17:27:01.953045Z",
    "scraped_at": "2025-12-02T18:33:49.831486+00:00",
    "restaurant_name": "Manhattan Indian Flavor",
    "menu_file": "menus_html_files\\e229d96b-4ebf-491c-a4cd-f7a35a1a7f88.html",
    "menu_file_url": "https://falconxoft.github.io/i.chef-files/menus_html_files/e229d96b-4ebf-491c-a4cd-f7a35a1a7f88.html"
  },
  {
    "uuid": "da972970-f342-4af7-81dc-fddbf6b50291",
    "menu_url": "https://songenapule.us/song-e-napule-rutherford-nj",
    "menu_format": "HTML",
    "inserted_at": "2025-12-01T17:27:01.953045Z",
    "scraped_at": "2025-12-02T18:33:49.831486+00:00",
    "restaurant_name": "Song’ E Napule",
    "menu_file": "menus_html_files\\da972970-f342-4af7-81dc-fddbf6b50291.html",
    "menu_file_url": "https://falconxoft.github.io/i.chef-files/menus_html_files/da972970-f342-4af7-81dc-fddbf6b50291.html"
  },
  {
    "uuid": "8f680bec-9e28-4a54-8627-516463eefb1c",
    "menu_url": "https://www.bcdtofuhouse.com/view-the-menu",
    "menu_format": "HTML",
    "inserted_at": "2025-12-01T17:27:01.953045Z",
    "scraped_at": "2025-12-02T18:33:49.831486+00:00",
    "restaurant_name": "BCD Tofu House",
    "menu_file": "menus_html_files\\8f680bec-9e28-4a54-8627-516463eefb1c.html",
    "menu_file_url": "https://falconxoft.github.io/i.chef-files/menus_html_files/8f680bec-9e28-4a54-8627-516463eefb1c.html"
  },
  {
    "uuid": "2effff17-596f-4026-b7a6-fd87d48c4996",
    "menu_url": "https://plataformaonline.com/menus",
    "menu_format": "HTML",
    "inserted_at": "2025-12-01T17:27:01.953045Z",
    "scraped_at": "2025-12-02T18:33:49.831486+00:00",
    "restaurant_name": "Churrascaria Plataforma",
    "menu_file": "menus_html_files\\2effff17-596f-4026-b7a6-fd87d48c4996.html",
    "menu_file_url": "https://falconxoft.github.io/i.chef-files/menus_html_files/2effff17-596f-4026-b7a6-fd87d48c4996.html"
  },
  {
    "uuid": "826aa746-4df1-4aa0-b1a8-705db02828d6",
    "menu_url": "https://www.cipriani.com/",
    "menu_format": "HTML",
    "inserted_at": "2025-12-01T17:27:01.953045Z",
    "scraped_at": "2025-12-02T18:33:49.831486+00:00",
    "restaurant_name": "Harry Cipriani",
    "menu_file": "menus_html_files\\826aa746-4df1-4aa0-b1a8-705db02828d6.html",
    "menu_file_url": "https://falconxoft.github.io/i.chef-files/menus_html_files/826aa746-4df1-4aa0-b1a8-705db02828d6.html"
  },
  {
    "uuid": "db09a90c-7338-447e-b335-5113a5c0a04e",
    "menu_url": "https://www.maddogandbeans.com/midtown-menu/",
    "menu_format": "HTML",
    "inserted_at": "2025-12-01T17:27:01.953045Z",
    "scraped_at": "2025-12-02T18:33:49.831486+00:00",
    "restaurant_name": "Mad Dog & Beans Mexican Cantina",
    "menu_file": "menus_html_files\\db09a90c-7338-447e-b335-5113a5c0a04e.html",
    "menu_file_url": "https://falconxoft.github.io/i.chef-files/menus_html_files/db09a90c-7338-447e-b335-5113a5c0a04e.html"
  },
  {
    "uuid": "69f3b6c8-c09c-4e49-8c1c-74d96c4d66f8",
    "menu_url": "https://www.yezonyc.com/new-york-city-yezo-thai-isankaya-food-menu",
    "menu_format": "HTML",
    "inserted_at": "2025-12-01T17:27:01.953045Z",
    "scraped_at": "2025-12-02T18:33:49.831486+00:00",
    "restaurant_name": "Yezo Isankaya",
    "menu_file": "menus_html_files\\69f3b6c8-c09c-4e49-8c1c-74d96c4d66f8.html",
    "menu_file_url": "https://falconxoft.github.io/i.chef-files/menus_html_files/69f3b6c8-c09c-4e49-8c1c-74d96c4d66f8.html"
  },
  {
    "uuid": "4e8564ff-4e83-4521-aeac-8c93b68f76ad",
    "menu_url": "https://www.tensainyc.com/menus",
    "menu_format": "HTML",
    "inserted_at": "2025-12-01T17:27:01.953045Z",
    "scraped_at": "2025-12-02T18:33:49.831486+00:00",
    "restaurant_name": "Tensai Udon House",
    "menu_file": "menus_html_files\\4e8564ff-4e83-4521-aeac-8c93b68f76ad.html",
    "menu_file_url": "https://falconxoft.github.io/i.chef-files/menus_html_files/4e8564ff-4e83-4521-aeac-8c93b68f76ad.html"
  },
  {
    "uuid": "d724e8f8-a0d6-4770-b2ba-528f86090929",
    "menu_url": "https://torajiny.com/#shop",
    "menu_format": "HTML",
    "inserted_at": "2025-12-01T17:27:01.953045Z",
    "scraped_at": "2025-12-02T18:33:49.831486+00:00",
    "restaurant_name": "Yakiniku TORAJI",
    "menu_file": "menus_html_files\\d724e8f8-a0d6-4770-b2ba-528f86090929.html",
    "menu_file_url": "https://falconxoft.github.io/i.chef-files/menus_html_files/d724e8f8-a0d6-4770-b2ba-528f86090929.html"
  },
  {
    "uuid": "be8a6f62-b553-40c5-9e74-b73791385685",
    "menu_url": "https://lamasserianyc.com/#",
    "menu_format": "HTML",
    "inserted_at": "2025-12-01T17:27:01.953045Z",
    "scraped_at": "2025-12-02T18:33:49.831486+00:00",
    "restaurant_name": "La Masseria",
    "menu_file": "menus_html_files\\be8a6f62-b553-40c5-9e74-b73791385685.html",
    "menu_file_url": "https://falconxoft.github.io/i.chef-files/menus_html_files/be8a6f62-b553-40c5-9e74-b73791385685.html"
  },
  {
    "uuid": "18f5f81e-2c08-4465-b434-1eb6452c4dad",
    "menu_url": "https://rakunyc.com/pages/menu-soho",
    "menu_format": "HTML",
    "inserted_at": "2025-12-01T17:27:01.953045Z",
    "scraped_at": "2025-12-02T18:33:49.831486+00:00",
    "restaurant_name": "Raku Soho",
    "menu_file": "menus_html_files\\18f5f81e-2c08-4465-b434-1eb6452c4dad.html",
    "menu_file_url": "https://falconxoft.github.io/i.chef-files/menus_html_files/18f5f81e-2c08-4465-b434-1eb6452c4dad.html"
  },
  {
    "uuid": "cd4c6eb3-c56a-4e53-8cd2-74c607fad79c",
    "menu_url": "https://www.lenoxthai.com/menu",
    "menu_format": "HTML",
    "inserted_at": "2025-12-01T17:27:01.953045Z",
    "scraped_at": "2025-12-02T18:33:49.831486+00:00",
    "restaurant_name": "LENOXTHAI",
    "menu_file": "menus_html_files\\cd4c6eb3-c56a-4e53-8cd2-74c607fad79c.html",
    "menu_file_url": "https://falconxoft.github.io/i.chef-files/menus_html_files/cd4c6eb3-c56a-4e53-8cd2-74c607fad79c.html"
  },
  {
    "uuid": "b8d29e61-2c91-4503-a9c5-78b21aca94d6",
    "menu_url": "https://www.spicethaiusa.com/dinner-menu",
    "menu_format": "HTML",
    "inserted_at": "2025-12-01T17:27:01.953045Z",
    "scraped_at": "2025-12-02T18:33:49.831486+00:00",
    "restaurant_name": "Spice",
    "menu_file": "menus_html_files\\b8d29e61-2c91-4503-a9c5-78b21aca94d6.html",
    "menu_file_url": "https://falconxoft.github.io/i.chef-files/menus_html_files/b8d29e61-2c91-4503-a9c5-78b21aca94d6.html"
  },
  {
    "uuid": "acaf8fc3-a1f7-4e67-896f-27abd4ccf115",
    "menu_url": "https://catchnchop.com/new-york-city-catch-n-chop-food-menu",
    "menu_format": "HTML",
    "inserted_at": "2025-12-01T17:27:01.953045Z",
    "scraped_at": "2025-12-02T18:33:49.831486+00:00",
    "restaurant_name": "Catch n' Chop",
    "menu_file": "menus_html_files\\acaf8fc3-a1f7-4e67-896f-27abd4ccf115.html",
    "menu_file_url": "https://falconxoft.github.io/i.chef-files/menus_html_files/acaf8fc3-a1f7-4e67-896f-27abd4ccf115.html"
  },
  {
    "uuid": "3447ce8c-eeba-49e9-a5e2-64c84dd632ba",
    "menu_url": "https://www.salumeriarosinyc.com",
    "menu_format": "HTML",
    "inserted_at": "2025-12-01T17:27:01.953045Z",
    "scraped_at": "2025-12-02T18:33:49.831486+00:00",
    "restaurant_name": "Salumeria Rosi",
    "menu_file": "menus_html_files\\3447ce8c-eeba-49e9-a5e2-64c84dd632ba.html",
    "menu_file_url": "https://falconxoft.github.io/i.chef-files/menus_html_files/3447ce8c-eeba-49e9-a5e2-64c84dd632ba.html"
  },
  {
    "uuid": "201dbbe5-4d81-425d-be76-2cf9f891d0ff",
    "menu_url": "https://www.cafedusoleilny.com/#menu",
    "menu_format": "HTML",
    "inserted_at": "2025-12-01T17:27:01.953045Z",
    "scraped_at": "2025-12-02T18:33:49.831486+00:00",
    "restaurant_name": "Café du Soleil",
    "menu_file": "menus_html_files\\201dbbe5-4d81-425d-be76-2cf9f891d0ff.html",
    "menu_file_url": "https://falconxoft.github.io/i.chef-files/menus_html_files/201dbbe5-4d81-425d-be76-2cf9f891d0ff.html"
  },
  {
    "uuid": "e8badc7b-b3be-40c5-8108-4400789e1989",
    "menu_url": "https://amityhalluptown.com/food-menu",
    "menu_format": "HTML",
    "inserted_at": "2025-12-01T17:27:01.953045Z",
    "scraped_at": "2025-12-02T18:33:49.831486+00:00",
    "restaurant_name": "Amity Hall Uptown",
    "menu_file": "menus_html_files\\e8badc7b-b3be-40c5-8108-4400789e1989.html",
    "menu_file_url": "https://falconxoft.github.io/i.chef-files/menus_html_files/e8badc7b-b3be-40c5-8108-4400789e1989.html"
  },
  {
    "uuid": "b186ed35-1cc5-48ed-8d40-70b446921bf4",
    "menu_url": "https://laislarestaurant104.com/menu-%2F-prices",
    "menu_format": "HTML",
    "inserted_at": "2025-12-01T17:27:01.953045Z",
    "scraped_at": "2025-12-02T18:33:49.831486+00:00",
    "restaurant_name": "La Isla Restaurant",
    "menu_file": "menus_html_files\\b186ed35-1cc5-48ed-8d40-70b446921bf4.html",
    "menu_file_url": "https://falconxoft.github.io/i.chef-files/menus_html_files/b186ed35-1cc5-48ed-8d40-70b446921bf4.html"
  },
  {
    "uuid": "c25307e4-2feb-445e-90d4-f3f8d043d5e0",
    "menu_url": "https://safariharlem.com",
    "menu_format": "HTML",
    "inserted_at": "2025-12-01T17:27:01.953045Z",
    "scraped_at": "2025-12-02T18:33:49.831486+00:00",
    "restaurant_name": "Safari",
    "menu_file": "menus_html_files\\c25307e4-2feb-445e-90d4-f3f8d043d5e0.html",
    "menu_file_url": "https://falconxoft.github.io/i.chef-files/menus_html_files/c25307e4-2feb-445e-90d4-f3f8d043d5e0.html"
  },
  {
    "uuid": "d898f55b-aebc-4eee-a8ea-940e4a524ccc",
    "menu_url": "https://www.sappsuws.com/menu",
    "menu_format": "HTML",
    "inserted_at": "2025-12-01T17:27:01.953045Z",
    "scraped_at": "2025-12-02T18:33:49.831486+00:00",
    "restaurant_name": "Sapps",
    "menu_file": "menus_html_files\\d898f55b-aebc-4eee-a8ea-940e4a524ccc.html",
    "menu_file_url": "https://falconxoft.github.io/i.chef-files/menus_html_files/d898f55b-aebc-4eee-a8ea-940e4a524ccc.html"
  },
  {
    "uuid": "7d802596-6019-44a6-ad31-4f012c8b272a",
    "menu_url": "https://tampoporamennyc.com/contact-information-for-catering-hiring-menu-and-press-inquiries",
    "menu_format": "HTML",
    "inserted_at": "2025-12-01T17:27:01.953045Z",
    "scraped_at": "2025-12-02T18:33:49.831486+00:00",
    "restaurant_name": "Tampopo Ramen",
    "menu_file": "menus_html_files\\7d802596-6019-44a6-ad31-4f012c8b272a.html",
    "menu_file_url": "https://falconxoft.github.io/i.chef-files/menus_html_files/7d802596-6019-44a6-ad31-4f012c8b272a.html"
  },
  {
    "uuid": "0e7b3e27-d2d4-4716-82fc-dca7b8d53393",
    "menu_url": "https://www.frescospizzeria.com/menu-1",
    "menu_format": "HTML",
    "inserted_at": "2025-12-01T17:27:01.953045Z",
    "scraped_at": "2025-12-02T18:11:15.140004+00:00",
    "restaurant_name": "Fresco's Pizzeria",
    "menu_file": "menus_html_files\\0e7b3e27-d2d4-4716-82fc-dca7b8d53393.html",
    "menu_file_url": "https://falconxoft.github.io/i.chef-files/menus_html_files/0e7b3e27-d2d4-4716-82fc-dca7b8d53393.html"
  },
  {
    "uuid": "d8d150b4-1026-4a88-a94f-05d27a010a71",
    "menu_url": "https://www.seisvecinos.com/menus",
    "menu_format": "HTML",
    "inserted_at": "2025-12-01T17:27:01.953045Z",
    "scraped_at": "2025-12-02T18:33:49.831486+00:00",
    "restaurant_name": "Seis Vecinos",
    "menu_file": "menus_html_files\\d8d150b4-1026-4a88-a94f-05d27a010a71.html",
    "menu_file_url": "https://falconxoft.github.io/i.chef-files/menus_html_files/d8d150b4-1026-4a88-a94f-05d27a010a71.html"
  },
  {
    "uuid": "3d081d1f-425c-4cc9-8151-ce4b9e27e98f",
    "menu_url": "https://www.buddha-bodai.com/#",
    "menu_format": "HTML",
    "inserted_at": "2025-12-01T17:27:01.953045Z",
    "scraped_at": "2025-12-02T18:33:49.831486+00:00",
    "restaurant_name": "Buddha Bodai",
    "menu_file": "menus_html_files\\3d081d1f-425c-4cc9-8151-ce4b9e27e98f.html",
    "menu_file_url": "https://falconxoft.github.io/i.chef-files/menus_html_files/3d081d1f-425c-4cc9-8151-ce4b9e27e98f.html"
  },
  {
    "uuid": "752f3b5c-9586-47ac-87f9-a2ba8017c19c",
    "menu_url": "https://www.foreverthaibushwick.com/menu",
    "menu_format": "HTML",
    "inserted_at": "2025-12-01T17:27:01.953045Z",
    "scraped_at": "2025-12-02T18:33:49.831486+00:00",
    "restaurant_name": "Forever Thai",
    "menu_file": "menus_html_files\\752f3b5c-9586-47ac-87f9-a2ba8017c19c.html",
    "menu_file_url": "https://falconxoft.github.io/i.chef-files/menus_html_files/752f3b5c-9586-47ac-87f9-a2ba8017c19c.html"
  },
  {
    "uuid": "c09c0414-0093-42fe-9213-a8d22e5683f7",
    "menu_url": "https://birdsofafeatherny.com/menu",
    "menu_format": "HTML",
    "inserted_at": "2025-12-01T17:27:01.953045Z",
    "scraped_at": "2025-12-02T18:33:49.831486+00:00",
    "restaurant_name": "Birds of a Feather",
    "menu_file": "menus_html_files\\c09c0414-0093-42fe-9213-a8d22e5683f7.html",
    "menu_file_url": "https://falconxoft.github.io/i.chef-files/menus_html_files/c09c0414-0093-42fe-9213-a8d22e5683f7.html"
  },
  {
    "uuid": "ea98c581-a0e0-4b0e-bdfb-d355229c013e",
    "menu_url": "https://www.cafe-colette.com",
    "menu_format": "HTML",
    "inserted_at": "2025-12-01T17:27:01.953045Z",
    "scraped_at": "2025-12-02T18:33:49.831486+00:00",
    "restaurant_name": "Café Colette",
    "menu_file": "menus_html_files\\ea98c581-a0e0-4b0e-bdfb-d355229c013e.html",
    "menu_file_url": "https://falconxoft.github.io/i.chef-files/menus_html_files/ea98c581-a0e0-4b0e-bdfb-d355229c013e.html"
  },
  {
    "uuid": "93a24ac3-7806-4d59-9eb4-bfe90f638d2e",
    "menu_url": "https://www.bonniesbrooklyn.com/menu",
    "menu_format": "HTML",
    "inserted_at": "2025-12-01T17:27:01.953045Z",
    "scraped_at": "2025-12-02T18:33:49.831486+00:00",
    "restaurant_name": "Bonnie's",
    "menu_file": "menus_html_files\\93a24ac3-7806-4d59-9eb4-bfe90f638d2e.html",
    "menu_file_url": "https://falconxoft.github.io/i.chef-files/menus_html_files/93a24ac3-7806-4d59-9eb4-bfe90f638d2e.html"
  },
  {
    "uuid": "1296dbab-c6f2-4c6f-9b4c-f49fe01b6eea",
    "menu_url": "https://www.lilianewyork.com/menu",
    "menu_format": "HTML",
    "inserted_at": "2025-12-01T17:27:01.953045Z",
    "scraped_at": "2025-12-02T18:33:49.831486+00:00",
    "restaurant_name": "Lilia",
    "menu_file": "menus_html_files\\1296dbab-c6f2-4c6f-9b4c-f49fe01b6eea.html",
    "menu_file_url": "https://falconxoft.github.io/i.chef-files/menus_html_files/1296dbab-c6f2-4c6f-9b4c-f49fe01b6eea.html"
  },
  {
    "uuid": "0ca8054c-8303-4458-bdcf-dc5a4960f394",
    "menu_url": "https://www.gatorbk.com/menus",
    "menu_format": "HTML",
    "inserted_at": "2025-12-01T17:27:01.953045Z",
    "scraped_at": "2025-12-02T18:33:49.831486+00:00",
    "restaurant_name": "Gator",
    "menu_file": "menus_html_files\\0ca8054c-8303-4458-bdcf-dc5a4960f394.html",
    "menu_file_url": "https://falconxoft.github.io/i.chef-files/menus_html_files/0ca8054c-8303-4458-bdcf-dc5a4960f394.html"
  },
  {
    "uuid": "9588077f-714e-4a8e-aa5d-874947ae4122",
    "menu_url": "https://oneillsmaspethny.com/maspeth-o-neills-food-menu",
    "menu_format": "HTML",
    "inserted_at": "2025-12-01T17:27:01.953045Z",
    "scraped_at": "2025-12-02T18:33:49.831486+00:00",
    "restaurant_name": "O Neil's",
    "menu_file": "menus_html_files\\9588077f-714e-4a8e-aa5d-874947ae4122.html",
    "menu_file_url": "https://falconxoft.github.io/i.chef-files/menus_html_files/9588077f-714e-4a8e-aa5d-874947ae4122.html"
  },
  {
    "uuid": "f80a1a1c-effe-4c2f-97ee-bc71816237ee",
    "menu_url": "https://www.wonderpigkbbq.com/menus",
    "menu_format": "HTML",
    "inserted_at": "2025-12-01T17:27:01.953045Z",
    "scraped_at": "2025-12-02T18:33:49.831486+00:00",
    "restaurant_name": "Wonder Pig K-BBQ",
    "menu_file": "menus_html_files\\f80a1a1c-effe-4c2f-97ee-bc71816237ee.html",
    "menu_file_url": "https://falconxoft.github.io/i.chef-files/menus_html_files/f80a1a1c-effe-4c2f-97ee-bc71816237ee.html"
  },
  {
    "uuid": "45841936-89fb-4930-b500-63be42126f9d",
    "menu_url": "https://cardamomny.com",
    "menu_format": "HTML",
    "inserted_at": "2025-12-01T17:27:01.953045Z",
    "scraped_at": "2025-12-02T18:33:49.831486+00:00",
    "restaurant_name": "Cardamom",
    "menu_file": "menus_html_files\\45841936-89fb-4930-b500-63be42126f9d.html",
    "menu_file_url": "https://falconxoft.github.io/i.chef-files/menus_html_files/45841936-89fb-4930-b500-63be42126f9d.html"
  },
  {
    "uuid": "57697038-276b-4469-b713-adc3422eec4d",
    "menu_url": "https://momocrave.com/#section-menu",
    "menu_format": "HTML",
    "inserted_at": "2025-12-01T17:27:01.953045Z",
    "scraped_at": "2025-12-02T18:33:49.831486+00:00",
    "restaurant_name": "Momo Crave",
    "menu_file": "menus_html_files\\57697038-276b-4469-b713-adc3422eec4d.html",
    "menu_file_url": "https://falconxoft.github.io/i.chef-files/menus_html_files/57697038-276b-4469-b713-adc3422eec4d.html"
  },
  {
    "uuid": "501834cf-3c58-42c5-989c-8c111e7adff0",
    "menu_url": "https://centroespanoldequeens.org/en/circulo-espanol",
    "menu_format": "HTML",
    "inserted_at": "2025-12-01T17:27:01.953045Z",
    "scraped_at": "2025-12-02T18:33:49.831486+00:00",
    "restaurant_name": "Círculo Español",
    "menu_file": "menus_html_files\\501834cf-3c58-42c5-989c-8c111e7adff0.html",
    "menu_file_url": "https://falconxoft.github.io/i.chef-files/menus_html_files/501834cf-3c58-42c5-989c-8c111e7adff0.html"
  },
  {
    "uuid": "9fe7d448-850c-415e-8c67-6a9d722f9a93",
    "menu_url": "https://mominette.com/#menu-section",
    "menu_format": "HTML",
    "inserted_at": "2025-12-01T17:27:01.953045Z",
    "scraped_at": "2025-12-02T18:33:49.831486+00:00",
    "restaurant_name": "Mominette",
    "menu_file": "menus_html_files\\9fe7d448-850c-415e-8c67-6a9d722f9a93.html",
    "menu_file_url": "https://falconxoft.github.io/i.chef-files/menus_html_files/9fe7d448-850c-415e-8c67-6a9d722f9a93.html"
  },
  {
    "uuid": "5389500c-34ee-4768-969c-386fb8c27e95",
    "menu_url": "https://www.polishvillaunion.com/menu",
    "menu_format": "HTML",
    "inserted_at": "2025-12-01T17:27:01.953045Z",
    "scraped_at": "2025-12-02T18:33:49.831486+00:00",
    "restaurant_name": "Polish Villa",
    "menu_file": "menus_html_files\\5389500c-34ee-4768-969c-386fb8c27e95.html",
    "menu_file_url": "https://falconxoft.github.io/i.chef-files/menus_html_files/5389500c-34ee-4768-969c-386fb8c27e95.html"
  },
  {
    "uuid": "2ed39af3-1ce4-4640-a2f4-386171156d36",
    "menu_url": "https://www.donburiyany.com/lunch",
    "menu_format": "HTML",
    "inserted_at": "2025-12-01T17:27:01.953045Z",
    "scraped_at": "2025-12-02T18:33:49.831486+00:00",
    "restaurant_name": "Donburiya",
    "menu_file": "menus_html_files\\2ed39af3-1ce4-4640-a2f4-386171156d36.html",
    "menu_file_url": "https://falconxoft.github.io/i.chef-files/menus_html_files/2ed39af3-1ce4-4640-a2f4-386171156d36.html"
  },
  {
    "uuid": "e80878c6-910a-4ee1-9512-64a93f63ac7a",
    "menu_url": "https://www.izakayanomad.com/menu",
    "menu_format": "HTML",
    "inserted_at": "2025-12-01T17:27:01.953045Z",
    "scraped_at": "2025-12-02T18:33:49.831486+00:00",
    "restaurant_name": "Izakaya NoMad",
    "menu_file": "menus_html_files\\e80878c6-910a-4ee1-9512-64a93f63ac7a.html",
    "menu_file_url": "https://falconxoft.github.io/i.chef-files/menus_html_files/e80878c6-910a-4ee1-9512-64a93f63ac7a.html"
  },
  {
    "uuid": "4989a2e7-2458-410d-a9df-fbf62301ac64",
    "menu_url": "https://www.barriochinony.com/menus",
    "menu_format": "HTML",
    "inserted_at": "2025-12-01T17:27:01.953045Z",
    "scraped_at": "2025-12-02T18:33:49.831486+00:00",
    "restaurant_name": "Barrio Chino",
    "menu_file": "menus_html_files\\4989a2e7-2458-410d-a9df-fbf62301ac64.html",
    "menu_file_url": "https://falconxoft.github.io/i.chef-files/menus_html_files/4989a2e7-2458-410d-a9df-fbf62301ac64.html"
  },
  {
    "uuid": "ee33b58f-6bc6-4773-a157-c609b3d32b94",
    "menu_url": "https://www.barbellynyc.com/menus",
    "menu_format": "HTML",
    "inserted_at": "2025-12-01T17:27:01.953045Z",
    "scraped_at": "2025-12-02T18:33:49.831486+00:00",
    "restaurant_name": "Bar Belly",
    "menu_file": "menus_html_files\\ee33b58f-6bc6-4773-a157-c609b3d32b94.html",
    "menu_file_url": "https://falconxoft.github.io/i.chef-files/menus_html_files/ee33b58f-6bc6-4773-a157-c609b3d32b94.html"
  },
  {
    "uuid": "2a96dfd4-b7cb-4d5d-86f8-29e3898df0df",
    "menu_url": "https://www.corthaiyou.com/#menu-section",
    "menu_format": "HTML",
    "inserted_at": "2025-12-01T17:27:01.953045Z",
    "scraped_at": "2025-12-02T18:33:49.831486+00:00",
    "restaurant_name": "Corthaiyou",
    "menu_file": "menus_html_files\\2a96dfd4-b7cb-4d5d-86f8-29e3898df0df.html",
    "menu_file_url": "https://falconxoft.github.io/i.chef-files/menus_html_files/2a96dfd4-b7cb-4d5d-86f8-29e3898df0df.html"
  },
  {
    "uuid": "80324f7b-2f9a-4b72-a0ec-61a50346198d",
    "menu_url": "https://www.sukhnyc.com/menu",
    "menu_format": "HTML",
    "inserted_at": "2025-12-01T17:27:01.953045Z",
    "scraped_at": "2025-12-02T18:33:49.831486+00:00",
    "restaurant_name": "Sukh",
    "menu_file": "menus_html_files\\80324f7b-2f9a-4b72-a0ec-61a50346198d.html",
    "menu_file_url": "https://falconxoft.github.io/i.chef-files/menus_html_files/80324f7b-2f9a-4b72-a0ec-61a50346198d.html"
  },
  {
    "uuid": "7b9636fe-df45-4216-bdb9-a986c335f27b",
    "menu_url": "https://www.mikakusushiny.com/#",
    "menu_format": "HTML",
    "inserted_at": "2025-12-01T17:27:01.953045Z",
    "scraped_at": "2025-12-02T18:33:49.831486+00:00",
    "restaurant_name": "Mikaku",
    "menu_file": "menus_html_files\\7b9636fe-df45-4216-bdb9-a986c335f27b.html",
    "menu_file_url": "https://falconxoft.github.io/i.chef-files/menus_html_files/7b9636fe-df45-4216-bdb9-a986c335f27b.html"
  },
  {
    "uuid": "4c5df035-193d-4dbf-a316-a73ae4c20a72",
    "menu_url": "https://19cleveland.com/#",
    "menu_format": "HTML",
    "inserted_at": "2025-12-01T17:27:01.953045Z",
    "scraped_at": "2025-12-02T18:33:49.831486+00:00",
    "restaurant_name": "19 Cleveland",
    "menu_file": "menus_html_files\\4c5df035-193d-4dbf-a316-a73ae4c20a72.html",
    "menu_file_url": "https://falconxoft.github.io/i.chef-files/menus_html_files/4c5df035-193d-4dbf-a316-a73ae4c20a72.html"
  },
  {
    "uuid": "9c561eed-2be8-46a5-8f6f-ce7dc546abfb",
    "menu_url": "https://osteriamorini.com/soho-nyc/",
    "menu_format": "HTML",
    "inserted_at": "2025-12-01T17:27:01.953045Z",
    "scraped_at": "2025-12-02T18:33:49.831486+00:00",
    "restaurant_name": "Osteria Morini",
    "menu_file": "menus_html_files\\9c561eed-2be8-46a5-8f6f-ce7dc546abfb.html",
    "menu_file_url": "https://falconxoft.github.io/i.chef-files/menus_html_files/9c561eed-2be8-46a5-8f6f-ce7dc546abfb.html"
  },
  {
    "uuid": "c4b8fe0f-44aa-4534-b57e-5ffba97310fe",
    "menu_url": "https://www.artecafenyc.com/menus/",
    "menu_format": "HTML",
    "inserted_at": "2025-12-01T17:27:01.953045Z",
    "scraped_at": "2025-12-02T18:33:49.831486+00:00",
    "restaurant_name": "Arte Cafe",
    "menu_file": "menus_html_files\\c4b8fe0f-44aa-4534-b57e-5ffba97310fe.html",
    "menu_file_url": "https://falconxoft.github.io/i.chef-files/menus_html_files/c4b8fe0f-44aa-4534-b57e-5ffba97310fe.html"
  },
  {
    "uuid": "9259329c-9c14-4070-99a9-fdf8cc9c1152",
    "menu_url": "https://www.bootleggerstroy.com/troy-bootlegger-s-on-broadway-food-menu",
    "menu_format": "HTML",
    "inserted_at": "2025-12-01T17:27:01.953045Z",
    "scraped_at": "2025-12-02T18:33:49.831486+00:00",
    "restaurant_name": "Bootlegger's on Broadway",
    "menu_file": "menus_html_files\\9259329c-9c14-4070-99a9-fdf8cc9c1152.html",
    "menu_file_url": "https://falconxoft.github.io/i.chef-files/menus_html_files/9259329c-9c14-4070-99a9-fdf8cc9c1152.html"
  },
  {
    "uuid": "4f885000-7949-4c29-a85b-7d0894dd1351",
    "menu_url": "http://harvestkitchennyc.com",
    "menu_format": "HTML",
    "inserted_at": "2025-12-01T17:27:01.953045Z",
    "scraped_at": "2025-12-02T18:33:49.831486+00:00",
    "restaurant_name": "Harvest",
    "menu_file": "menus_html_files\\4f885000-7949-4c29-a85b-7d0894dd1351.html",
    "menu_file_url": "https://falconxoft.github.io/i.chef-files/menus_html_files/4f885000-7949-4c29-a85b-7d0894dd1351.html"
  },
  {
    "uuid": "2b0fc574-1e6a-44a7-95fa-e94578c5b43f",
    "menu_url": "https://www.elmitoteny.com/menus",
    "menu_format": "HTML",
    "inserted_at": "2025-12-01T17:27:01.953045Z",
    "scraped_at": "2025-12-02T18:33:49.831486+00:00",
    "restaurant_name": "El Mitote",
    "menu_file": "menus_html_files\\2b0fc574-1e6a-44a7-95fa-e94578c5b43f.html",
    "menu_file_url": "https://falconxoft.github.io/i.chef-files/menus_html_files/2b0fc574-1e6a-44a7-95fa-e94578c5b43f.html"
  },
  {
    "uuid": "203cb3f9-69cb-45de-ae04-78ffa2e14cba",
    "menu_url": "http://www.heidelberg-nyc.com/menu",
    "menu_format": "HTML",
    "inserted_at": "2025-12-01T17:27:01.953045Z",
    "scraped_at": "2025-12-02T18:33:49.831486+00:00",
    "restaurant_name": "Heidelberg Restaurant",
    "menu_file": "menus_html_files\\203cb3f9-69cb-45de-ae04-78ffa2e14cba.html",
    "menu_file_url": "https://falconxoft.github.io/i.chef-files/menus_html_files/203cb3f9-69cb-45de-ae04-78ffa2e14cba.html"
  },
  {
    "uuid": "2949d5af-feaa-4420-9c21-909c85670343",
    "menu_url": "https://www.losterianyc.com/menus",
    "menu_format": "HTML",
    "inserted_at": "2025-12-01T17:27:01.953045Z",
    "scraped_at": "2025-12-02T18:33:49.831486+00:00",
    "restaurant_name": "L'Osteria",
    "menu_file": "menus_html_files\\2949d5af-feaa-4420-9c21-909c85670343.html",
    "menu_file_url": "https://falconxoft.github.io/i.chef-files/menus_html_files/2949d5af-feaa-4420-9c21-909c85670343.html"
  },
  {
    "uuid": "13e1431e-b06d-4dd7-b9c9-e410f15d7f2f",
    "menu_url": "https://www.tandooroven.com/menus",
    "menu_format": "HTML",
    "inserted_at": "2025-12-01T17:27:01.953045Z",
    "scraped_at": "2025-12-02T18:33:49.831486+00:00",
    "restaurant_name": "Tandoor Oven",
    "menu_file": "menus_html_files\\13e1431e-b06d-4dd7-b9c9-e410f15d7f2f.html",
    "menu_file_url": "https://falconxoft.github.io/i.chef-files/menus_html_files/13e1431e-b06d-4dd7-b9c9-e410f15d7f2f.html"
  },
  {
    "uuid": "db491378-6c4f-44b5-b7cb-4a3a6a1b4053",
    "menu_url": "https://hudsonsocial.com/dobbs-ferry-hudson-social-menus",
    "menu_format": "HTML",
    "inserted_at": "2025-12-01T17:27:01.953045Z",
    "scraped_at": "2025-12-02T18:33:49.831486+00:00",
    "restaurant_name": "Hudson Social",
    "menu_file": "menus_html_files\\db491378-6c4f-44b5-b7cb-4a3a6a1b4053.html",
    "menu_file_url": "https://falconxoft.github.io/i.chef-files/menus_html_files/db491378-6c4f-44b5-b7cb-4a3a6a1b4053.html"
  },
  {
    "uuid": "6d7fff02-0013-48cb-93e5-1c02731c71fa",
    "menu_url": "https://www.hinomaruramen.com/#",
    "menu_format": "HTML",
    "inserted_at": "2025-12-01T17:27:01.953045Z",
    "scraped_at": "2025-12-02T18:33:49.831486+00:00",
    "restaurant_name": "HinoMaru Ramen",
    "menu_file": "menus_html_files\\6d7fff02-0013-48cb-93e5-1c02731c71fa.html",
    "menu_file_url": "https://falconxoft.github.io/i.chef-files/menus_html_files/6d7fff02-0013-48cb-93e5-1c02731c71fa.html"
  },
  {
    "uuid": "8d1b42fe-8278-4eaa-ae13-6f66f267f239",
    "menu_url": "https://www.lilfrankies.com/menu",
    "menu_format": "HTML",
    "inserted_at": "2025-12-01T17:27:01.953045Z",
    "scraped_at": "2025-12-02T18:33:49.831486+00:00",
    "restaurant_name": "Lil' Frankies",
    "menu_file": "menus_html_files\\8d1b42fe-8278-4eaa-ae13-6f66f267f239.html",
    "menu_file_url": "https://falconxoft.github.io/i.chef-files/menus_html_files/8d1b42fe-8278-4eaa-ae13-6f66f267f239.html"
  },
  {
    "uuid": "728e6a85-a5c6-4e2e-a5f6-7dc2bede854b",
    "menu_url": "https://www.calexico.com/menus/",
    "menu_format": "HTML",
    "inserted_at": "2025-12-01T17:27:01.953045Z",
    "scraped_at": "2025-12-02T18:33:49.831486+00:00",
    "restaurant_name": "Calexico",
    "menu_file": "menus_html_files\\728e6a85-a5c6-4e2e-a5f6-7dc2bede854b.html",
    "menu_file_url": "https://falconxoft.github.io/i.chef-files/menus_html_files/728e6a85-a5c6-4e2e-a5f6-7dc2bede854b.html"
  },
  {
    "uuid": "24446d8d-0657-4cdc-994f-1cc8ad93c83e",
    "menu_url": "http://www.otro5cinco.com/new-page-1",
    "menu_format": "HTML",
    "inserted_at": "2025-12-01T17:27:01.953045Z",
    "scraped_at": "2025-12-02T18:33:49.831486+00:00",
    "restaurant_name": "Otro Cinco",
    "menu_file": "menus_html_files\\24446d8d-0657-4cdc-994f-1cc8ad93c83e.html",
    "menu_file_url": "https://falconxoft.github.io/i.chef-files/menus_html_files/24446d8d-0657-4cdc-994f-1cc8ad93c83e.html"
  },
  {
    "uuid": "77a1eed7-cd6f-490b-8b08-534382fd533c",
    "menu_url": "https://izakayatenzo.com/menu",
    "menu_format": "HTML",
    "inserted_at": "2025-12-01T17:27:01.953045Z",
    "scraped_at": "2025-12-02T18:33:49.831486+00:00",
    "restaurant_name": "Izakaya Tenzo",
    "menu_file": "menus_html_files\\77a1eed7-cd6f-490b-8b08-534382fd533c.html",
    "menu_file_url": "https://falconxoft.github.io/i.chef-files/menus_html_files/77a1eed7-cd6f-490b-8b08-534382fd533c.html"
  },
  {
    "uuid": "eee0245e-09b9-41dc-8349-cf2aecc711cc",
    "menu_url": "https://www.biwonsyracuse.com/sg-menu.html",
    "menu_format": "HTML",
    "inserted_at": "2025-12-01T17:27:01.953045Z",
    "scraped_at": "2025-12-02T18:33:49.831486+00:00",
    "restaurant_name": "Secret Garden",
    "menu_file": "menus_html_files\\eee0245e-09b9-41dc-8349-cf2aecc711cc.html",
    "menu_file_url": "https://falconxoft.github.io/i.chef-files/menus_html_files/eee0245e-09b9-41dc-8349-cf2aecc711cc.html"
  },
  {
    "uuid": "55da3bf3-cc8c-4a24-8da9-e86507ff336a",
    "menu_url": "http://www.redchilirestaurant.com",
    "menu_format": "HTML",
    "inserted_at": "2025-12-01T17:27:01.953045Z",
    "scraped_at": "2025-12-02T18:33:49.831486+00:00",
    "restaurant_name": "Red Chili Restaurant",
    "menu_file": "menus_html_files\\55da3bf3-cc8c-4a24-8da9-e86507ff336a.html",
    "menu_file_url": "https://falconxoft.github.io/i.chef-files/menus_html_files/55da3bf3-cc8c-4a24-8da9-e86507ff336a.html"
  },
  {
    "uuid": "8a60f16c-b340-402e-a583-f7d4a919ce4a",
    "menu_url": "https://baarbaarnyc.com",
    "menu_format": "HTML",
    "inserted_at": "2025-12-01T17:27:01.953045Z",
    "scraped_at": "2025-12-02T18:33:49.831486+00:00",
    "restaurant_name": "Baar Baar",
    "menu_file": "menus_html_files\\8a60f16c-b340-402e-a583-f7d4a919ce4a.html",
    "menu_file_url": "https://falconxoft.github.io/i.chef-files/menus_html_files/8a60f16c-b340-402e-a583-f7d4a919ce4a.html"
  },
  {
    "uuid": "49de2bbf-e85c-4eb7-9402-22204b59673a",
    "menu_url": "https://www.modernrestaurant.com/new-rochelle-modern-restaurant-and-lounge-food-menu",
    "menu_format": "HTML",
    "inserted_at": "2025-12-01T17:27:01.953045Z",
    "scraped_at": "2025-12-02T18:33:49.831486+00:00",
    "restaurant_name": "Modern Restaurant & Lounge",
    "menu_file": "menus_html_files\\49de2bbf-e85c-4eb7-9402-22204b59673a.html",
    "menu_file_url": "https://falconxoft.github.io/i.chef-files/menus_html_files/49de2bbf-e85c-4eb7-9402-22204b59673a.html"
  },
  {
    "uuid": "43c3d48d-167a-4873-847b-4d42f099e916",
    "menu_url": "https://www.geminidiner.com/_files/ugd/c0f37c_0bd58c9ef8f64ac1870e8ac7f864f290.pdf",
    "menu_format": "PDF",
    "inserted_at": "2025-12-01T17:27:01.953045Z",
    "scraped_at": "2025-12-02T18:33:49.831486+00:00",
    "restaurant_name": "Gemini Diner",
    "menu_file": "menus_pdf_files\\43c3d48d-167a-4873-847b-4d42f099e916.pdf",
    "menu_file_url": "https://falconxoft.github.io/i.chef-files/menus_pdf_files/43c3d48d-167a-4873-847b-4d42f099e916.pdf"
  },
  {
    "uuid": "12b8caf4-d982-402f-8400-23e67972f687",
    "menu_url": "https://kosanny.com/#menu",
    "menu_format": "HTML",
    "inserted_at": "2025-12-01T17:27:01.953045Z",
    "scraped_at": "2025-12-02T18:33:49.831486+00:00",
    "restaurant_name": "Kosan Asian Fusion",
    "menu_file": "menus_html_files\\12b8caf4-d982-402f-8400-23e67972f687.html",
    "menu_file_url": "https://falconxoft.github.io/i.chef-files/menus_html_files/12b8caf4-d982-402f-8400-23e67972f687.html"
  },
  {
    "uuid": "5ed71b69-7945-4f20-b560-96025eb078f9",
    "menu_url": "https://www.blossomnyc.com/menu",
    "menu_format": "HTML",
    "inserted_at": "2025-12-01T17:27:01.953045Z",
    "scraped_at": "2025-12-02T18:33:49.831486+00:00",
    "restaurant_name": "Blossom- Chelsea",
    "menu_file": "menus_html_files\\5ed71b69-7945-4f20-b560-96025eb078f9.html",
    "menu_file_url": "https://falconxoft.github.io/i.chef-files/menus_html_files/5ed71b69-7945-4f20-b560-96025eb078f9.html"
  },
  {
    "uuid": "93737968-b811-4976-9462-d182244e121d",
    "menu_url": "https://www.risotteriamelottinyc.com/#",
    "menu_format": "HTML",
    "inserted_at": "2025-12-01T17:27:01.953045Z",
    "scraped_at": "2025-12-02T18:33:49.831486+00:00",
    "restaurant_name": "Risotteria Melotti",
    "menu_file": "menus_html_files\\93737968-b811-4976-9462-d182244e121d.html",
    "menu_file_url": "https://falconxoft.github.io/i.chef-files/menus_html_files/93737968-b811-4976-9462-d182244e121d.html"
  },
  {
    "uuid": "b617cde5-bc49-489b-96da-f1a3d6bc2c06",
    "menu_url": "https://www.periziakosher.com/catering-menu/",
    "menu_format": "HTML",
    "inserted_at": "2025-12-01T17:27:01.953045Z",
    "scraped_at": "2025-12-02T18:33:49.831486+00:00",
    "restaurant_name": "Perizia kosher pizza",
    "menu_file": "menus_html_files\\b617cde5-bc49-489b-96da-f1a3d6bc2c06.html",
    "menu_file_url": "https://falconxoft.github.io/i.chef-files/menus_html_files/b617cde5-bc49-489b-96da-f1a3d6bc2c06.html"
  },
  {
    "uuid": "97e33777-749b-4261-aeed-e462bfb7c049",
    "menu_url": "https://www.themodernnyc.com/the-modern",
    "menu_format": "HTML",
    "inserted_at": "2025-12-01T17:27:01.953045Z",
    "scraped_at": "2025-12-02T18:33:49.831486+00:00",
    "restaurant_name": "The Modern - The Bar Room",
    "menu_file": "menus_html_files\\97e33777-749b-4261-aeed-e462bfb7c049.html",
    "menu_file_url": "https://falconxoft.github.io/i.chef-files/menus_html_files/97e33777-749b-4261-aeed-e462bfb7c049.html"
  },
  {
    "uuid": "6003f48d-5381-4f8e-b939-586fa4d6fed2",
    "menu_url": "https://www.hernameishan.com/han-menu",
    "menu_format": "HTML",
    "inserted_at": "2025-12-01T17:27:01.953045Z",
    "scraped_at": "2025-12-02T18:33:49.831486+00:00",
    "restaurant_name": "Her Name is Han",
    "menu_file": "menus_html_files\\6003f48d-5381-4f8e-b939-586fa4d6fed2.html",
    "menu_file_url": "https://falconxoft.github.io/i.chef-files/menus_html_files/6003f48d-5381-4f8e-b939-586fa4d6fed2.html"
  },
  {
    "uuid": "7a459faa-5ae8-4515-a095-dad61414196c",
    "menu_url": "https://www.ardenbk.com/menu",
    "menu_format": "HTML",
    "inserted_at": "2025-12-01T17:27:01.953045Z",
    "scraped_at": "2025-12-02T18:33:49.831486+00:00",
    "restaurant_name": "Arden",
    "menu_file": "menus_html_files\\7a459faa-5ae8-4515-a095-dad61414196c.html",
    "menu_file_url": "https://falconxoft.github.io/i.chef-files/menus_html_files/7a459faa-5ae8-4515-a095-dad61414196c.html"
  },
  {
    "uuid": "efd66260-18da-4cb5-8376-ee134ba2bee8",
    "menu_url": "https://chodanggolnyc.com/menu",
    "menu_format": "HTML",
    "inserted_at": "2025-12-01T17:27:01.953045Z",
    "scraped_at": "2025-12-02T18:33:49.831486+00:00",
    "restaurant_name": "Cho Dang Gol",
    "menu_file": "menus_html_files\\efd66260-18da-4cb5-8376-ee134ba2bee8.html",
    "menu_file_url": "https://falconxoft.github.io/i.chef-files/menus_html_files/efd66260-18da-4cb5-8376-ee134ba2bee8.html"
  },
  {
    "uuid": "59819169-3a96-4cd9-864e-99acd9f9b576",
    "menu_url": "http://www.cafechinanyc.com/menu",
    "menu_format": "HTML",
    "inserted_at": "2025-12-01T17:27:01.953045Z",
    "scraped_at": "2025-12-02T18:33:49.831486+00:00",
    "restaurant_name": "Cafe China",
    "menu_file": "menus_html_files\\59819169-3a96-4cd9-864e-99acd9f9b576.html",
    "menu_file_url": "https://falconxoft.github.io/i.chef-files/menus_html_files/59819169-3a96-4cd9-864e-99acd9f9b576.html"
  },
  {
    "uuid": "43c9db5b-05a6-4828-9167-dc97d79c2371",
    "menu_url": "https://sylviasrestaurant.com/#",
    "menu_format": "HTML",
    "inserted_at": "2025-12-01T17:27:01.953045Z",
    "scraped_at": "2025-12-02T18:33:49.831486+00:00",
    "restaurant_name": "Sylvia's Restaurant",
    "menu_file": "menus_html_files\\43c9db5b-05a6-4828-9167-dc97d79c2371.html",
    "menu_file_url": "https://falconxoft.github.io/i.chef-files/menus_html_files/43c9db5b-05a6-4828-9167-dc97d79c2371.html"
  },
  {
    "uuid": "e86d1c8f-f11b-4008-8000-2408b9b89b07",
    "menu_url": "https://www.breakneggs-creperie.com/menu",
    "menu_format": "HTML",
    "inserted_at": "2025-12-01T17:27:01.953045Z",
    "scraped_at": "2025-12-02T18:33:49.831486+00:00",
    "restaurant_name": "Break'n Eggs Creperie",
    "menu_file": "menus_html_files\\e86d1c8f-f11b-4008-8000-2408b9b89b07.html",
    "menu_file_url": "https://falconxoft.github.io/i.chef-files/menus_html_files/e86d1c8f-f11b-4008-8000-2408b9b89b07.html"
  },
  {
    "uuid": "88fdba90-ad3d-40eb-937b-89065b49afd8",
    "menu_url": "https://lebotaniste.us/menu/",
    "menu_format": "HTML",
    "inserted_at": "2025-12-01T17:27:01.953045Z",
    "scraped_at": "2025-12-02T18:33:49.831486+00:00",
    "restaurant_name": "Le Botaniste",
    "menu_file": "menus_html_files\\88fdba90-ad3d-40eb-937b-89065b49afd8.html",
    "menu_file_url": "https://falconxoft.github.io/i.chef-files/menus_html_files/88fdba90-ad3d-40eb-937b-89065b49afd8.html"
  },
  {
    "uuid": "35ab1f0d-48d5-428e-bcda-0d3304f30d91",
    "menu_url": "https://nomwah.com/",
    "menu_format": "HTML",
    "inserted_at": "2025-12-01T17:27:01.953045Z",
    "scraped_at": "2025-12-02T18:33:49.831486+00:00",
    "restaurant_name": "Nom Wah Tea Parlor",
    "menu_file": "menus_html_files\\35ab1f0d-48d5-428e-bcda-0d3304f30d91.html",
    "menu_file_url": "https://falconxoft.github.io/i.chef-files/menus_html_files/35ab1f0d-48d5-428e-bcda-0d3304f30d91.html"
  },
  {
    "uuid": "a91332d4-7481-464e-8705-89ed4d5abe6c",
    "menu_url": "https://internationalwingsfactory.com/#menu",
    "menu_format": "HTML",
    "inserted_at": "2025-12-01T17:27:01.953045Z",
    "scraped_at": "2025-12-02T18:33:49.831486+00:00",
    "restaurant_name": "International Wings Factory",
    "menu_file": "menus_html_files\\a91332d4-7481-464e-8705-89ed4d5abe6c.html",
    "menu_file_url": "https://falconxoft.github.io/i.chef-files/menus_html_files/a91332d4-7481-464e-8705-89ed4d5abe6c.html"
  },
  {
    "uuid": "87c03e86-442f-4f2e-8785-1c4179d1cde1",
    "menu_url": "https://www.dirtcandynyc.com/dinner-menu",
    "menu_format": "HTML",
    "inserted_at": "2025-12-01T17:27:01.953045Z",
    "scraped_at": "2025-12-02T18:33:49.831486+00:00",
    "restaurant_name": "Dirt Candy",
    "menu_file": "menus_html_files\\87c03e86-442f-4f2e-8785-1c4179d1cde1.html",
    "menu_file_url": "https://falconxoft.github.io/i.chef-files/menus_html_files/87c03e86-442f-4f2e-8785-1c4179d1cde1.html"
  },
  {
    "uuid": "981010dd-f997-4bcb-b4a0-e2a587fbfa7b",
    "menu_url": "https://www.pomodororossonyc.com/new-york-upper-west-side-pomodoro-rosso-food-menu",
    "menu_format": "HTML",
    "inserted_at": "2025-12-01T17:27:01.953045Z",
    "scraped_at": "2025-12-02T18:33:49.831486+00:00",
    "restaurant_name": "Pomodoro Rosso",
    "menu_file": "menus_html_files\\981010dd-f997-4bcb-b4a0-e2a587fbfa7b.html",
    "menu_file_url": "https://falconxoft.github.io/i.chef-files/menus_html_files/981010dd-f997-4bcb-b4a0-e2a587fbfa7b.html"
  },
  {
    "uuid": "00a3069e-bd41-40f0-b988-bf736401cbd7",
    "menu_url": "https://serendipity3.com/#",
    "menu_format": "HTML",
    "inserted_at": "2025-12-01T17:27:01.953045Z",
    "scraped_at": "2025-12-02T18:33:49.831486+00:00",
    "restaurant_name": "Serendipity 3",
    "menu_file": "menus_html_files\\00a3069e-bd41-40f0-b988-bf736401cbd7.html",
    "menu_file_url": "https://falconxoft.github.io/i.chef-files/menus_html_files/00a3069e-bd41-40f0-b988-bf736401cbd7.html"
  },
  {
    "uuid": "9cc2f1b0-fa6e-4dac-a858-fbe0e6de5efb",
    "menu_url": "https://beetlehousenyc.com/menu/",
    "menu_format": "HTML",
    "inserted_at": "2025-12-01T17:27:01.953045Z",
    "scraped_at": "2025-12-02T18:33:49.831486+00:00",
    "restaurant_name": "Beetle House NYC",
    "menu_file": "menus_html_files\\9cc2f1b0-fa6e-4dac-a858-fbe0e6de5efb.html",
    "menu_file_url": "https://falconxoft.github.io/i.chef-files/menus_html_files/9cc2f1b0-fa6e-4dac-a858-fbe0e6de5efb.html"
  },
  {
    "uuid": "fde5ddf5-9a20-4b16-9669-df964c2f8359",
    "menu_url": "http://theyellinggoat.com/our-menu",
    "menu_format": "HTML",
    "inserted_at": "2025-12-01T17:27:01.953045Z",
    "scraped_at": "2025-12-02T18:33:49.831486+00:00",
    "restaurant_name": "The Yelling Goat",
    "menu_file": "menus_html_files\\fde5ddf5-9a20-4b16-9669-df964c2f8359.html",
    "menu_file_url": "https://falconxoft.github.io/i.chef-files/menus_html_files/fde5ddf5-9a20-4b16-9669-df964c2f8359.html"
  },
  {
    "uuid": "7d3f06c7-b968-46e8-94c9-4e8c5a9992a5",
    "menu_url": "http://www.valentinespizza.com/menu",
    "menu_format": "HTML",
    "inserted_at": "2025-12-01T17:27:01.953045Z",
    "scraped_at": "2025-12-02T18:33:49.831486+00:00",
    "restaurant_name": "Valentines Pizza & Deli",
    "menu_file": "menus_html_files\\7d3f06c7-b968-46e8-94c9-4e8c5a9992a5.html",
    "menu_file_url": "https://falconxoft.github.io/i.chef-files/menus_html_files/7d3f06c7-b968-46e8-94c9-4e8c5a9992a5.html"
  },
  {
    "uuid": "e2b14ef2-c6d3-44e2-a288-d3c2f3d2f478",
    "menu_url": "https://thecommodorebrooklyn.com/",
    "menu_format": "HTML",
    "inserted_at": "2025-12-01T17:27:01.953045Z",
    "scraped_at": "2025-12-02T18:33:49.831486+00:00",
    "restaurant_name": "The Commodore",
    "menu_file": "menus_html_files\\e2b14ef2-c6d3-44e2-a288-d3c2f3d2f478.html",
    "menu_file_url": "https://falconxoft.github.io/i.chef-files/menus_html_files/e2b14ef2-c6d3-44e2-a288-d3c2f3d2f478.html"
  },
  {
    "uuid": "932a363c-bc1b-41ad-9918-8977545fb691",
    "menu_url": "https://portenorestaurant.com/menu",
    "menu_format": "HTML",
    "inserted_at": "2025-12-01T17:27:01.953045Z",
    "scraped_at": "2025-12-02T18:11:15.140004+00:00",
    "restaurant_name": "Porteño",
    "menu_file": "menus_html_files\\932a363c-bc1b-41ad-9918-8977545fb691.html",
    "menu_file_url": "https://falconxoft.github.io/i.chef-files/menus_html_files/932a363c-bc1b-41ad-9918-8977545fb691.html"
  },
  {
    "uuid": "eca02082-d1af-4141-a545-a92aaf90f2d4",
    "menu_url": "https://www.stormkingloungeandfare.com/menus",
    "menu_format": "HTML",
    "inserted_at": "2025-12-01T17:27:01.953045Z",
    "scraped_at": "2025-12-02T18:33:49.831486+00:00",
    "restaurant_name": "Storm King Lounge and Fare",
    "menu_file": "menus_html_files\\eca02082-d1af-4141-a545-a92aaf90f2d4.html",
    "menu_file_url": "https://falconxoft.github.io/i.chef-files/menus_html_files/eca02082-d1af-4141-a545-a92aaf90f2d4.html"
  },
  {
    "uuid": "145c90b8-0833-4cda-b15b-a7a723ff7673",
    "menu_url": "https://sofiamexicanrestaurantny.com/sofia-mexican-restaurant/",
    "menu_format": "HTML",
    "inserted_at": "2025-12-01T17:27:01.953045Z",
    "scraped_at": "2025-12-02T18:33:49.831486+00:00",
    "restaurant_name": "Taqueria Sofia",
    "menu_file": "menus_html_files\\145c90b8-0833-4cda-b15b-a7a723ff7673.html",
    "menu_file_url": "https://falconxoft.github.io/i.chef-files/menus_html_files/145c90b8-0833-4cda-b15b-a7a723ff7673.html"
  },
  {
    "uuid": "79054e4d-c7b0-4a09-9686-a0c2395b8951",
    "menu_url": "https://boqueriarestaurant.com/#our-menus",
    "menu_format": "HTML",
    "inserted_at": "2025-12-01T17:27:01.953045Z",
    "scraped_at": "2025-12-02T18:33:49.831486+00:00",
    "restaurant_name": "Boqueria Soho",
    "menu_file": "menus_html_files\\79054e4d-c7b0-4a09-9686-a0c2395b8951.html",
    "menu_file_url": "https://falconxoft.github.io/i.chef-files/menus_html_files/79054e4d-c7b0-4a09-9686-a0c2395b8951.html"
  },
  {
    "uuid": "93e1089d-6ffd-49cf-b519-8e3d054557c8",
    "menu_url": "https://www.ejsluncheonette.com/new-york-upper-east-side-ejs-luncheonette-food-menu",
    "menu_format": "HTML",
    "inserted_at": "2025-12-01T17:27:01.953045Z",
    "scraped_at": "2025-12-02T18:33:49.831486+00:00",
    "restaurant_name": "EJ's Luncheonette",
    "menu_file": "menus_html_files\\93e1089d-6ffd-49cf-b519-8e3d054557c8.html",
    "menu_file_url": "https://falconxoft.github.io/i.chef-files/menus_html_files/93e1089d-6ffd-49cf-b519-8e3d054557c8.html"
  },
  {
    "uuid": "308e4464-f4f0-49e0-bcd1-81040266aea3",
    "menu_url": "https://www.corkbuzz.com/chelsea-market-menus/",
    "menu_format": "HTML",
    "inserted_at": "2025-12-01T17:27:01.953045Z",
    "scraped_at": "2025-12-02T18:33:49.831486+00:00",
    "restaurant_name": "Corkbuzz",
    "menu_file": "menus_html_files\\308e4464-f4f0-49e0-bcd1-81040266aea3.html",
    "menu_file_url": "https://falconxoft.github.io/i.chef-files/menus_html_files/308e4464-f4f0-49e0-bcd1-81040266aea3.html"
  },
  {
    "uuid": "887406b9-20cf-4f8c-a7ea-39cb1bc104e4",
    "menu_url": "https://ariarinyc.com/menu",
    "menu_format": "HTML",
    "inserted_at": "2025-12-01T17:27:01.953045Z",
    "scraped_at": "2025-12-02T18:33:49.831486+00:00",
    "restaurant_name": "Ariari",
    "menu_file": "menus_html_files\\887406b9-20cf-4f8c-a7ea-39cb1bc104e4.html",
    "menu_file_url": "https://falconxoft.github.io/i.chef-files/menus_html_files/887406b9-20cf-4f8c-a7ea-39cb1bc104e4.html"
  },
  {
    "uuid": "9b58caa8-50f1-4fa6-83d9-00abd78eaeb9",
    "menu_url": "https://woorijip32.com/menu/",
    "menu_format": "HTML",
    "inserted_at": "2025-12-01T17:27:01.953045Z",
    "scraped_at": "2025-12-02T18:33:49.831486+00:00",
    "restaurant_name": "Woorijip",
    "menu_file": "menus_html_files\\9b58caa8-50f1-4fa6-83d9-00abd78eaeb9.html",
    "menu_file_url": "https://falconxoft.github.io/i.chef-files/menus_html_files/9b58caa8-50f1-4fa6-83d9-00abd78eaeb9.html"
  },
  {
    "uuid": "aa3b10bb-9d2e-412d-b5f3-c8448f767f99",
    "menu_url": "https://bryantparkgrillnyc.com/#menu",
    "menu_format": "HTML",
    "inserted_at": "2025-12-01T17:27:01.953045Z",
    "scraped_at": "2025-12-02T18:33:49.831486+00:00",
    "restaurant_name": "Bryant Park Grill",
    "menu_file": "menus_html_files\\aa3b10bb-9d2e-412d-b5f3-c8448f767f99.html",
    "menu_file_url": "https://falconxoft.github.io/i.chef-files/menus_html_files/aa3b10bb-9d2e-412d-b5f3-c8448f767f99.html"
  },
  {
    "uuid": "d6f17b9a-07bf-44cb-833f-8ea00cf21ac2",
    "menu_url": "https://www.hudsonmalone.com/thanksgiving-menu",
    "menu_format": "HTML",
    "inserted_at": "2025-12-01T17:27:01.953045Z",
    "scraped_at": "2025-12-02T18:33:49.831486+00:00",
    "restaurant_name": "Hudson Malone",
    "menu_file": "menus_html_files\\d6f17b9a-07bf-44cb-833f-8ea00cf21ac2.html",
    "menu_file_url": "https://falconxoft.github.io/i.chef-files/menus_html_files/d6f17b9a-07bf-44cb-833f-8ea00cf21ac2.html"
  },
  {
    "uuid": "29b55135-6e5c-45ca-8eec-00f449739b23",
    "menu_url": "https://www.blueparkkitchen.com/menu/",
    "menu_format": "HTML",
    "inserted_at": "2025-12-01T17:27:01.953045Z",
    "scraped_at": "2025-12-02T18:33:49.831486+00:00",
    "restaurant_name": "Blue-Park Kitchen",
    "menu_file": "menus_html_files\\29b55135-6e5c-45ca-8eec-00f449739b23.html",
    "menu_file_url": "https://falconxoft.github.io/i.chef-files/menus_html_files/29b55135-6e5c-45ca-8eec-00f449739b23.html"
  },
  {
    "uuid": "99029948-4b27-493f-be78-b350441909d2",
    "menu_url": "https://thecabinnyc.com/#",
    "menu_format": "HTML",
    "inserted_at": "2025-12-01T17:27:01.953045Z",
    "scraped_at": "2025-12-02T18:33:49.831486+00:00",
    "restaurant_name": "The Cabin",
    "menu_file": "menus_html_files\\99029948-4b27-493f-be78-b350441909d2.html",
    "menu_file_url": "https://falconxoft.github.io/i.chef-files/menus_html_files/99029948-4b27-493f-be78-b350441909d2.html"
  },
  {
    "uuid": "ca263090-afa1-43d2-aa79-07bd6cd478c1",
    "menu_url": "https://taboonette.com/menu/",
    "menu_format": "HTML",
    "inserted_at": "2025-12-01T17:27:01.953045Z",
    "scraped_at": "2025-12-02T18:33:49.831486+00:00",
    "restaurant_name": "Taboonette",
    "menu_file": "menus_html_files\\ca263090-afa1-43d2-aa79-07bd6cd478c1.html",
    "menu_file_url": "https://falconxoft.github.io/i.chef-files/menus_html_files/ca263090-afa1-43d2-aa79-07bd6cd478c1.html"
  },
  {
    "uuid": "c26f2d08-f369-4d8b-a7d1-ed5e644b89c7",
    "menu_url": "https://thaimarketny.net/new-york-thai-market-food-menu",
    "menu_format": "HTML",
    "inserted_at": "2025-12-01T17:27:01.953045Z",
    "scraped_at": "2025-12-02T18:33:49.831486+00:00",
    "restaurant_name": "Thai Market",
    "menu_file": "menus_html_files\\c26f2d08-f369-4d8b-a7d1-ed5e644b89c7.html",
    "menu_file_url": "https://falconxoft.github.io/i.chef-files/menus_html_files/c26f2d08-f369-4d8b-a7d1-ed5e644b89c7.html"
  },
  {
    "uuid": "e0fae4bf-aee8-4c07-9e99-9f455568e4d9",
    "menu_url": "https://www.pommesfritesnyc.com/ourmenu",
    "menu_format": "HTML",
    "inserted_at": "2025-12-01T17:27:01.953045Z",
    "scraped_at": "2025-12-02T18:33:49.831486+00:00",
    "restaurant_name": "Pommes Frites",
    "menu_file": "menus_html_files\\e0fae4bf-aee8-4c07-9e99-9f455568e4d9.html",
    "menu_file_url": "https://falconxoft.github.io/i.chef-files/menus_html_files/e0fae4bf-aee8-4c07-9e99-9f455568e4d9.html"
  },
  {
    "uuid": "932dc423-9f69-443d-a6b6-617b5164f020",
    "menu_url": "https://lupeskitchen.com/new-york-soho-lupe-s-east-la-kitchen-food-menu",
    "menu_format": "HTML",
    "inserted_at": "2025-12-01T17:27:01.953045Z",
    "scraped_at": "2025-12-02T18:33:49.831486+00:00",
    "restaurant_name": "lupe's East L.A. Kitchen",
    "menu_file": "menus_html_files\\932dc423-9f69-443d-a6b6-617b5164f020.html",
    "menu_file_url": "https://falconxoft.github.io/i.chef-files/menus_html_files/932dc423-9f69-443d-a6b6-617b5164f020.html"
  },
  {
    "uuid": "9d924937-c642-4ba4-8984-fb2a3157c755",
    "menu_url": "https://www.ivanramen.com/menu/",
    "menu_format": "HTML",
    "inserted_at": "2025-12-01T17:27:01.953045Z",
    "scraped_at": "2025-12-02T18:33:49.831486+00:00",
    "restaurant_name": "Ivan Ramen",
    "menu_file": "menus_html_files\\9d924937-c642-4ba4-8984-fb2a3157c755.html",
    "menu_file_url": "https://falconxoft.github.io/i.chef-files/menus_html_files/9d924937-c642-4ba4-8984-fb2a3157c755.html"
  },
  {
    "uuid": "d23c7a14-012d-48e5-925c-670fcf4cdaf0",
    "menu_url": "https://taiwanporkchophouse.com/#menu",
    "menu_format": "HTML",
    "inserted_at": "2025-12-01T17:27:01.953045Z",
    "scraped_at": "2025-12-02T18:33:49.831486+00:00",
    "restaurant_name": "Taiwan Pork Chop House",
    "menu_file": "menus_html_files\\d23c7a14-012d-48e5-925c-670fcf4cdaf0.html",
    "menu_file_url": "https://falconxoft.github.io/i.chef-files/menus_html_files/d23c7a14-012d-48e5-925c-670fcf4cdaf0.html"
  },
  {
    "uuid": "1ed87b51-d3ad-42fe-ba0a-272b2e652ed0",
    "menu_url": "https://karczmabrooklyn.com/menu/",
    "menu_format": "HTML",
    "inserted_at": "2025-12-01T17:27:01.953045Z",
    "scraped_at": "2025-12-02T18:33:49.831486+00:00",
    "restaurant_name": "Karczma",
    "menu_file": "menus_html_files\\1ed87b51-d3ad-42fe-ba0a-272b2e652ed0.html",
    "menu_file_url": "https://falconxoft.github.io/i.chef-files/menus_html_files/1ed87b51-d3ad-42fe-ba0a-272b2e652ed0.html"
  },
  {
    "uuid": "41329277-7a12-464c-a377-cf5ae39e7803",
    "menu_url": "https://www.thewaylon.com/menu",
    "menu_format": "HTML",
    "inserted_at": "2025-12-01T17:27:01.953045Z",
    "scraped_at": "2025-12-02T18:33:49.831486+00:00",
    "restaurant_name": "The Waylon",
    "menu_file": "menus_html_files\\41329277-7a12-464c-a377-cf5ae39e7803.html",
    "menu_file_url": "https://falconxoft.github.io/i.chef-files/menus_html_files/41329277-7a12-464c-a377-cf5ae39e7803.html"
  },
  {
    "uuid": "03a1b3c5-b270-4c6f-8038-6ab77ccdc78d",
    "menu_url": "https://www.barbalu.com/menu-1",
    "menu_format": "HTML",
    "inserted_at": "2025-12-01T17:27:01.953045Z",
    "scraped_at": "2025-12-02T18:33:49.831486+00:00",
    "restaurant_name": "Barbalu",
    "menu_file": "menus_html_files\\03a1b3c5-b270-4c6f-8038-6ab77ccdc78d.html",
    "menu_file_url": "https://falconxoft.github.io/i.chef-files/menus_html_files/03a1b3c5-b270-4c6f-8038-6ab77ccdc78d.html"
  },
  {
    "uuid": "7d02e460-1bf2-45bb-999a-78b1c6e4cb96",
    "menu_url": "http://www.dorlans.com/food-menu",
    "menu_format": "HTML",
    "inserted_at": "2025-12-01T17:27:01.953045Z",
    "scraped_at": "2025-12-02T18:33:49.831486+00:00",
    "restaurant_name": "Dorlan's Tavern & Oyster Bar",
    "menu_file": "menus_html_files\\7d02e460-1bf2-45bb-999a-78b1c6e4cb96.html",
    "menu_file_url": "https://falconxoft.github.io/i.chef-files/menus_html_files/7d02e460-1bf2-45bb-999a-78b1c6e4cb96.html"
  },
  {
    "uuid": "5cb57cbf-223c-4b15-84dc-f7613d39b0e5",
    "menu_url": "https://nargiscafe.com/menu/",
    "menu_format": "HTML",
    "inserted_at": "2025-12-01T17:27:01.953045Z",
    "scraped_at": "2025-12-02T18:33:49.831486+00:00",
    "restaurant_name": "Nargis Cafe",
    "menu_file": "menus_html_files\\5cb57cbf-223c-4b15-84dc-f7613d39b0e5.html",
    "menu_file_url": "https://falconxoft.github.io/i.chef-files/menus_html_files/5cb57cbf-223c-4b15-84dc-f7613d39b0e5.html"
  },
  {
    "uuid": "0bfe47f1-ce23-4592-8e65-7ce586920c3e",
    "menu_url": "https://bacchusbistro.com/menu/",
    "menu_format": "HTML",
    "inserted_at": "2025-12-01T17:27:01.953045Z",
    "scraped_at": "2025-12-02T18:33:49.831486+00:00",
    "restaurant_name": "Bacchus",
    "menu_file": "menus_html_files\\0bfe47f1-ce23-4592-8e65-7ce586920c3e.html",
    "menu_file_url": "https://falconxoft.github.io/i.chef-files/menus_html_files/0bfe47f1-ce23-4592-8e65-7ce586920c3e.html"
  },
  {
    "uuid": "61680529-52ac-4d53-9514-0cad8b36775a",
    "menu_url": "https://www.goldenwuish.com/",
    "menu_format": "HTML",
    "inserted_at": "2025-12-01T17:27:01.953045Z",
    "scraped_at": "2025-12-02T18:33:49.831486+00:00",
    "restaurant_name": "Golden Wuish",
    "menu_file": "menus_html_files\\61680529-52ac-4d53-9514-0cad8b36775a.html",
    "menu_file_url": "https://falconxoft.github.io/i.chef-files/menus_html_files/61680529-52ac-4d53-9514-0cad8b36775a.html"
  },
  {
    "uuid": "6d42e200-ce20-40c3-bb93-1394f5676625",
    "menu_url": "https://www.cantinamexicanasi.com/#menu",
    "menu_format": "HTML",
    "inserted_at": "2025-12-01T17:27:01.953045Z",
    "scraped_at": "2025-12-01T17:27:01.953045Z",
    "restaurant_name": "Cantina Mexicana",
    "menu_file": "menus_html_files\\6d42e200-ce20-40c3-bb93-1394f5676625.html",
    "menu_file_url": "https://falconxoft.github.io/i.chef-files/menus_html_files/6d42e200-ce20-40c3-bb93-1394f5676625.html"
  },
  {
    "uuid": "6c69d9d0-9131-4690-adf8-22154b879213",
    "menu_url": "https://www.chanoscantina.com/food-menu",
    "menu_format": "HTML",
    "inserted_at": "2025-12-01T17:27:01.953045Z",
    "scraped_at": "2025-12-02T18:33:49.831486+00:00",
    "restaurant_name": "Chano's Cantina",
    "menu_file": "menus_html_files\\6c69d9d0-9131-4690-adf8-22154b879213.html",
    "menu_file_url": "https://falconxoft.github.io/i.chef-files/menus_html_files/6c69d9d0-9131-4690-adf8-22154b879213.html"
  },
  {
    "uuid": "ef27f64a-056c-48de-96ca-1163030b6a69",
    "menu_url": "https://www.cazenoviabagelco.com/menu/",
    "menu_format": "HTML",
    "inserted_at": "2025-12-01T17:27:01.953045Z",
    "scraped_at": "2025-12-02T18:33:49.831486+00:00",
    "restaurant_name": "Cazenovia Bagel Co.",
    "menu_file": "menus_html_files\\ef27f64a-056c-48de-96ca-1163030b6a69.html",
    "menu_file_url": "https://falconxoft.github.io/i.chef-files/menus_html_files/ef27f64a-056c-48de-96ca-1163030b6a69.html"
  },
  {
    "uuid": "555a4ac6-8618-42d0-a3ca-25b60462b474",
    "menu_url": "https://lapiazzapizza.com/restaurant/order-online-798.html",
    "menu_format": "HTML",
    "inserted_at": "2025-12-01T17:27:01.953045Z",
    "scraped_at": "2025-12-02T18:33:49.831486+00:00",
    "restaurant_name": "La Piazza Pizzeria & Restaurant",
    "menu_file": "menus_html_files\\555a4ac6-8618-42d0-a3ca-25b60462b474.html",
    "menu_file_url": "https://falconxoft.github.io/i.chef-files/menus_html_files/555a4ac6-8618-42d0-a3ca-25b60462b474.html"
  },
  {
    "uuid": "641c2252-fe96-45da-b8fc-ec34caa07825",
    "menu_url": "https://www.bobwhitecounter.com/",
    "menu_format": "HTML",
    "inserted_at": "2025-12-01T17:27:01.953045Z",
    "scraped_at": "2025-12-02T18:33:49.831486+00:00",
    "restaurant_name": "Bobwhite Lunch and Supper Counter",
    "menu_file": "menus_html_files\\641c2252-fe96-45da-b8fc-ec34caa07825.html",
    "menu_file_url": "https://falconxoft.github.io/i.chef-files/menus_html_files/641c2252-fe96-45da-b8fc-ec34caa07825.html"
  },
  {
    "uuid": "b8b7780d-1072-4cd8-af73-912a448224a5",
    "menu_url": "https://www.llamainnnyc.com/menus",
    "menu_format": "HTML",
    "inserted_at": "2025-12-01T17:27:01.953045Z",
    "scraped_at": "2025-12-02T18:33:49.831486+00:00",
    "restaurant_name": "Llama Inn",
    "menu_file": "menus_html_files\\b8b7780d-1072-4cd8-af73-912a448224a5.html",
    "menu_file_url": "https://falconxoft.github.io/i.chef-files/menus_html_files/b8b7780d-1072-4cd8-af73-912a448224a5.html"
  },
  {
    "uuid": "2be16c15-dbb9-4bd6-a3d3-fa6e5054b5bd",
    "menu_url": "https://www.casinonyc.info/menu",
    "menu_format": "HTML",
    "inserted_at": "2025-12-01T17:27:01.953045Z",
    "scraped_at": "2025-12-02T18:33:49.831486+00:00",
    "restaurant_name": "Casino",
    "menu_file": "menus_html_files\\2be16c15-dbb9-4bd6-a3d3-fa6e5054b5bd.html",
    "menu_file_url": "https://falconxoft.github.io/i.chef-files/menus_html_files/2be16c15-dbb9-4bd6-a3d3-fa6e5054b5bd.html"
  }
]